molecule_chembl_id,canonical_smiles,standard_value,class
CHEMBL1401841,COc1ccc2nc3cccc(OC)c3nc2c1,100000.0,inactive
CHEMBL1608853,O=C(O)c1ccc2c(c1)C(=O)/C(=C\c1ccco1)C2=O,12310.0,inactive
CHEMBL1429799,O=C1NN(c2ccccc2)C(=O)/C1=C\c1ccccc1OCC(=O)N1CCOCC1,100000.0,inactive
CHEMBL246446,O=C(O)c1ccc2nc(-c3ccco3)c(-c3ccco3)nc2c1,50970.0,inactive
CHEMBL1383455,CCn1nc([N+](=O)[O-])c(C(C#N)c2nc3ccccc3n2C)c(Cl)c1=O,100000.0,inactive
CHEMBL1485159,C[n+]1c2ccccc2nc2ccc(NCCO)cc21.[O-][Cl+3]([O-])([O-])[O-],18640.0,inactive
CHEMBL1383611,C=CCOc1c(Br)cc(/C=C2/C(=O)ON=C2C)cc1OC,100000.0,inactive
CHEMBL1730401,Nc1cccc2c(O)cc(S(=O)(=O)O)cc12,42740.0,inactive
CHEMBL1440986,O=C(Nc1ccccc1C(=O)O)c1cccc(C(=O)Nc2ccccc2C(=O)O)c1,54900.0,inactive
CHEMBL3194058,CCOc1cc(/C=N/NC2=NC(=O)C(CC(=O)O)S2)ccc1OCc1ccc(Cl)cc1,47940.0,inactive
CHEMBL66953,O=c1c(O)cccc2cc(O)c(O)c(O)c12,12190.0,inactive
CHEMBL1586109,COC(=O)c1ccc(N2NC(=O)/C(=C/c3cc(OC)c(OC)c(OC)c3)C2=O)cc1,46630.0,inactive
CHEMBL3194143,O=C(O)c1ccc(Cl)c(-c2ccc(/C=N/NC(=O)C(O)(c3ccccc3)c3ccccc3)o2)c1,51520.0,inactive
CHEMBL1318358,O=C(CN1C(=O)/C(=C2/SC(=S)N(CCS(=O)(=O)O)C2=O)c2ccccc21)Nc1cccc(C(F)(F)F)c1,35330.0,inactive
CHEMBL1373390,O=C(O)c1ccc2c(c1Nc1ccccc1)C(=O)c1ccccc1C2=O,100000.0,inactive
CHEMBL173530,COc1cc(C)c2c(c1C=O)Oc1c(c(C)c(O)c3c1C(O)OC3=O)OC2=O,71170.0,inactive
CHEMBL1310601,CC(=C\c1ccccc1)/C=C1/SC(=S)N(C(C(=O)O)C(C)C)C1=O,34090.0,inactive
CHEMBL305978,c1coc(-c2nc3ccccc3nc2-c2ccco2)c1,100000.0,inactive
CHEMBL1730252,Cc1cc(=O)c2c(o1)C(=O)c1occc1C2=O,62390.0,inactive
CHEMBL1492106,CC(C)OP(=O)(OC(C)C)C1(NS(=O)(=O)c2ccc(Cl)cc2)C=C(Cl)C(=O)C(Cl)=C1,99280.0,inactive
CHEMBL1877709,O=C(O)c1ccc(NC2=C/C(=N/S(=O)(=O)c3cccs3)c3ccccc3C2=O)cc1,58090.0,inactive
CHEMBL1730100,O=C1C=CC2=C3c4cc(O)c(O)cc4CC3(O)COC2=C1O,26520.0,inactive
CHEMBL3195434,COc1c(OC(C)=O)ccc(/C=N\NC(=O)c2ccc(Br)cc2)c1[N+](=O)[O-],96500.0,inactive
CHEMBL1605379,CCc1ccc(N2C(=O)c3sc4nnc(-c5ccccc5)c(=O)n4c3C2=O)cc1,48530.0,inactive
CHEMBL1440977,NNc1cc([N+](=O)[O-])cc2c1c(=O)n(Cc1ccccc1)[s+]2[O-],63370.0,inactive
CHEMBL1597427,CCOc1cc(CNc2ccc(N3CCCC3)cc2)cc(Cl)c1OC,48200.0,inactive
CHEMBL1430159,COc1ccc(C(C2C(=O)CC(C)(C)CC2=O)C2C(=O)CC(C)(C)CC2=O)cc1CO,45800.0,inactive
CHEMBL3196407,Cn1c(/N=C/c2c(O)ccc3ccccc23)nc2ccccc21,9600.0,intermediate
CHEMBL1508598,CCOc1cc(/C=C2\C(=O)ON=C2c2ccccc2)ccc1OC,27120.0,inactive
CHEMBL512216,Cn1c(=O)c2[nH]c(-c3ccccc3)c(O)c2n(C)c1=O,18500.0,inactive
CHEMBL1374578,O=C(O)c1ccccc1C(=O)c1ccc(Sc2ccc(Cl)cc2)c([N+](=O)[O-])c1,35090.0,inactive
CHEMBL1547715,O=C1NC(=O)C(=Cc2ccc3ccccc3c2)C(=O)N1,50800.0,inactive
CHEMBL1730762,COC1=CC(=O)C(C2CC(=O)c3c(O)cc(O)cc3O2)=CC1=O,9230.0,intermediate
CHEMBL1531656,O=C(O)c1cc(Nc2cc(Cl)c3nonc3c2[N+](=O)[O-])ccc1O,8550.0,intermediate
CHEMBL1310865,CCOc1ccc(S(=O)(=O)Nc2cc(SCC(=O)O)c(O)c3ccccc23)cc1,7490.0,intermediate
CHEMBL1711303,Cc1ccc(SC2=C(N(C)C)C(=O)c3ccccc3C2=O)cc1,64960.0,inactive
CHEMBL1334452,O=C(NCCO)c1ccc2nc(-c3ccco3)c(-c3ccco3)nc2c1,67660.0,inactive
CHEMBL1476673,COc1cc(/C=C2\SC(=S)N(CCCCC(=O)O)C2=O)ccc1OS(=O)(=O)c1ccc(C)cc1,39810.0,inactive
CHEMBL1390702,CSC1=NSC2=NC(=O)/C(=C\c3c[nH]c4ccccc34)C(=N)N12,100000.0,inactive
CHEMBL1322139,CC(=O)n1cc(C=C2C(=O)NC(=O)NC2=O)c2ccccc21,42800.0,inactive
CHEMBL3144954,O=c1c(Sc2ccccc2)c(C(F)(F)F)[nH]n1-c1ccccc1,59540.0,inactive
CHEMBL1480398,Cc1sc(C(C2C(=O)CC(C)(C)CC2=O)C2C(=O)CC(C)(C)CC2=O)cc1[N+](=O)[O-],29400.0,inactive
CHEMBL1602234,O=C(O)CN1C(=O)/C(=C\c2cccc(OCc3ccc(F)cc3)c2)SC1=S,42580.0,inactive
CHEMBL1334552,O=C1C(Cl)=C(N2CCOCC2)C(=O)N1c1ccccc1Cl,23270.0,inactive
CHEMBL1350958,O=C(O)c1ccccc1-c1ccccc1C(=O)Nc1ccc(-c2nc3cc(Cl)ccc3o2)cc1,54030.0,inactive
CHEMBL1558809,Cc1ccc(N2C(=O)NC(=O)/C(=C/c3ccc(OC(=O)c4cccs4)cc3)C2=O)cc1,55350.0,inactive
CHEMBL1430245,COc1ccc(/C=C2/SC(=S)N(NS(=O)(=O)c3ccc(C)cc3)C2=O)cc1,56880.0,inactive
CHEMBL1423198,Cc1n[nH]c(O)c1C(c1ccc(-c2ccc(C(=O)O)cc2)o1)c1c(C)n[nH]c1O,91840.0,inactive
CHEMBL1390936,CCOC(=O)c1c(-c2ccc(C)c(C)c2)csc1NC(=O)C1CC=CCC1C(=O)O,43460.0,inactive
CHEMBL3145017,CCc1c(C)[nH]n(-c2ccc(Oc3ccccc3)c(S(=O)(=O)O)c2)c1=O,84480.0,inactive
CHEMBL1406745,Cc1ccc(C2C(C(=O)c3ccc(Br)cc3)=C(O)C(=O)N2Cc2ccco2)o1,100000.0,inactive
CHEMBL1469314,O=C1NC(=O)C(=Cc2ccc(Oc3ccc([N+](=O)[O-])cc3)cc2)C(=O)N1,34500.0,inactive
CHEMBL1547740,O=C(O)CCCN1C(=O)/C(=C\c2ccccc2OCc2ccccc2)SC1=S,36670.0,inactive
CHEMBL1410383,COC(=O)CCC(=O)OC1(C)C(=O)C2=CN(C3CC3)C(c3ccc(OC)cc3)=CC2=C(Br)C1=O,100000.0,inactive
CHEMBL1602380,Cc1ccc(S(=O)(=O)N2[C@H](c3ccc(Cl)c(Cl)c3)CC=C(C(=O)O)[C@@H]2c2cccc(Cl)c2)cc1,57890.0,inactive
CHEMBL1597458,Cl.O=C(Nc1cc(S(=O)(=O)N2CCCCC2)ccc1O)c1ccccc1NS(=O)(=O)c1ccc(F)cc1,67870.0,inactive
CHEMBL1413174,CCCCOc1ccc(Nc2cc(Cl)ccc2C(=O)O)cn1,59780.0,inactive
CHEMBL1383957,CC1=NOC(=O)/C1=C\c1ccc2c(c1)OCO2,7170.0,intermediate
CHEMBL1901559,N#CC(=C1C=C(Br)C(=NO)C=C1Cl)c1ccc(Cl)cc1,62440.0,inactive
CHEMBL1333593,COc1cc(C(=O)Nc2scc(-c3ccc(Br)cc3)c2C(=O)O)cc(OC)c1OC,57960.0,inactive
CHEMBL1402117,Oc1nc(S)nc2c1C(c1ccc(Br)cc1)c1c(O)nc(S)nc1O2,73710.0,inactive
CHEMBL1469489,O=C(O)CCN1C(=O)/C(=C\c2cccc(OCC(=O)Nc3ccc(Cl)cc3)c2)SC1=S,34940.0,inactive
CHEMBL1519860,O=C1NC(=S)NC(=O)C12C(c1ccccc1)N=C(S)NC2c1ccccc1,69380.0,inactive
CHEMBL1327479,Cc1ccc(S(=O)(=O)NN2C(=O)/C(=C/c3cccc(F)c3)SC2=S)cc1,27160.0,inactive
CHEMBL1609490,O=[N+]([O-])c1ccc(-[n+]2ccc3ccccc3c2)c([N+](=O)[O-])c1.[Cl-],100000.0,inactive
CHEMBL1362734,CCn1nc([N+](=O)[O-])c(C(C#N)c2nc3cc(C(F)(F)F)ccc3s2)c(Cl)c1=O,57500.0,inactive
CHEMBL1731022,CSc1nc(O)c(C(c2ccc(OC(C)C)cc2)c2c(O)nc(SC)nc2O)c(O)n1,32860.0,inactive
CHEMBL3191525,COc1ccc2c(c1)-c1nc(/N=C/c3c(O)ccc4ccccc34)sc1CC2,6250.0,intermediate
CHEMBL1579562,O=C1C(Cl)=C(N2CCCC2)C(=O)N1c1ccccc1F,84400.0,inactive
CHEMBL1730974,O=S(=O)(O)c1ccc(O)c2cc(Nc3ccccc3)ccc12,20040.0,inactive
CHEMBL1441315,Cc1cc(S(=O)(=O)ON2C(=O)c3ccccc3C2=O)ccc1F,100000.0,inactive
CHEMBL1563712,CN1C(=O)NC(=O)/C(=C/c2ccc([N+](=O)[O-])s2)C1=O,17400.0,inactive
CHEMBL1878916,O=C(O)CN1C(=O)C=CC1=O,100000.0,inactive
CHEMBL1469463,Cc1ccccc1N1C(=O)NC(=O)/C(=C\c2cnn(-c3ccccc3)c2)C1=O,100000.0,inactive
CHEMBL1311185,O=C(Nc1ccccc1)C1=C(c2ccccc2)S(=O)(=O)CCS1(=O)=O,100000.0,inactive
CHEMBL234338,O=c1cc(-c2ccc(O)cc2)oc2c(O)c(O)c(O)c(O)c12,100000.0,inactive
CHEMBL1311109,CC(C)(C)c1ccc(C(=O)CC(Sc2ccc(Cl)cc2)C(=O)O)cc1,38080.0,inactive
CHEMBL3212315,COc1ccc(/C=c2\sc3nc(=O)c(C)nn3c2=O)c(OC)c1,22060.0,inactive
CHEMBL1327390,CCOc1ccc(/C=C2\SC(=S)N(CCC(=O)Nc3ccccc3C(=O)O)C2=O)cc1,29270.0,inactive
CHEMBL3193134,O=C(CCN1CCN(c2ccccc2)CC1)N/N=C/c1ccc(O)c(O)c1O,30060.0,inactive
CHEMBL1711432,COc1cc(NCCCCCCN)c2ncccc2c1OC,100000.0,inactive
CHEMBL1311053,CCc1sc(C(C2C(=O)CC(C)(C)CC2=O)C2C(=O)CC(C)(C)CC2=O)cc1[N+](=O)[O-],16370.0,inactive
CHEMBL1590814,Cc1oc2c(C)c3oc(=O)c(CC(=O)N[C@@H](CC(C)C)C(=O)N[C@@H](Cc4ccccc4)C(=O)O)c(C)c3cc2c1C,72590.0,inactive
CHEMBL1711524,Cc1ccc([C@@H]2CC=C(C(=O)O)[C@H](c3ccc(Br)cc3)N2S(=O)(=O)c2ccccc2C)cc1,33960.0,inactive
CHEMBL1492642,CC(/C=C1\SC(=S)N(NS(=O)(=O)c2ccc(C)cc2)C1=O)=C\c1ccccc1,27080.0,inactive
CHEMBL1712164,CC(C)c1ccc(N2C(=O)C(Cl)=C(N3CCOCC3)C2=O)cc1,69380.0,inactive
CHEMBL1391235,COc1cc(O)cc2cc3c(c(O)c12)C(=O)CC(C)(O)O3,38140.0,inactive
CHEMBL1879156,Cc1ccc(S(=O)(=O)Oc2ccccc2C=C2C(=O)NC(=O)NC2=O)cc1,36750.0,inactive
CHEMBL1712082,CC1=C(O)C(=O)C=C2C1=CC=C1C2(C)CCC2(C)C3CC(C)(C(=O)O)CCC3(C)CCC12C,19660.0,inactive
CHEMBL1384008,O=C(c1ccc(NC(=O)C(c2ccccc2)c2ccccc2)cc1)c1ccc(C(=O)O)c(C(=O)O)c1,57640.0,inactive
CHEMBL1449334,CSc1nnc(-c2ccco2)c(-c2ccco2)n1,86840.0,inactive
CHEMBL1327612,COc1cccc(/C=C/c2nc(O)nc(O)c2[N+](=O)[O-])c1O,72470.0,inactive
CHEMBL1469698,COc1ccc(C(=O)c2coc3c2C(=O)C(=O)c2ccccc2-3)cc1,34490.0,inactive
CHEMBL1900163,CCN(CCCNc1cc2c(c(N)c1S(=O)(=O)O)C(=O)c1ccccc1C2=O)c1ccccc1,31570.0,inactive
CHEMBL1587073,CCCCN(CCCC)c1ccc(C(=O)c2ccccc2C(=O)O)c(O)c1,44080.0,inactive
CHEMBL1462469,COc1ccc(-c2csc(NC(=O)CSc3nc(C)nc4sc(C(=O)O)c(C)c34)n2)cc1,92680.0,inactive
CHEMBL1541029,C=CCOc1cccc(C2C(C(=O)c3cc4ccccc4o3)=C(O)C(=O)N2c2cc(C)on2)c1,48620.0,inactive
CHEMBL1731834,Cc1ccc(S(=O)(=O)N2[C@H](c3ccc(C(C)C)cc3)CC=C(C(=O)O)[C@@H]2c2ccc(Br)cc2)cc1,32880.0,inactive
CHEMBL3197141,Cc1cc(C(=O)N/N=C/c2ccc(O)c(O)c2O)c(C)n1-c1ccccc1,41950.0,inactive
CHEMBL1554169,O=C(O)/C=C/C(=O)c1ccc2c(c1)CCc1ccccc1-2,22860.0,inactive
CHEMBL1731730,Oc1c(Cl)cccc1Cc1cc(Cl)cc(Cl)c1O,45460.0,inactive
CHEMBL3198550,N#C/C(=C\c1cccc(Cl)c1)C(=O)c1ccccc1,64060.0,inactive
CHEMBL1579924,COc1cccc(/C=C2\SC(=S)N(NS(=O)(=O)c3ccccc3)C2=O)c1OC,41110.0,inactive
CHEMBL1592785,O=C(O)[C@H](Cc1ccccc1)N1C(=O)c2c(Cl)c(Cl)c(Cl)c(Cl)c2C1=O,23880.0,inactive
CHEMBL1879517,O=C(O)CN1C(=O)/C(=C\c2ccccc2OCc2ccccc2)SC1=S,35760.0,inactive
CHEMBL1430882,O=[N+]([O-])c1cc([N+](=O)[O-])c2c(Nc3ccccc3)n(-c3ccccc3)[n+]([O-])c2c1,30910.0,inactive
CHEMBL1985591,CC(=O)Oc1oc(-c2ccccc2)nc1/C=N/c1ccccc1,86350.0,inactive
CHEMBL1423709,Cn1cccc1/C=C1/C(=O)NC(=S)N(Cc2ccc(F)cc2)C1=O,100000.0,inactive
CHEMBL1391547,O=C(O)c1ccc2c(c1)[C@@H]1C=CC[C@@H]1[C@H](c1ccccn1)N2,26280.0,inactive
CHEMBL1532198,O=C(O)CN1C(=O)/C(=C\c2cc([N+](=O)[O-])ccc2OCc2ccccc2Cl)SC1=S,31110.0,inactive
CHEMBL1462687,O=C(Nc1cccc(Oc2ccc(C(=O)O)c(C(=O)O)c2)c1)c1ccc(-c2ccccc2)cc1,20470.0,inactive
CHEMBL1335165,CSC(SC)=C(C#N)C(=O)c1ccccc1,84640.0,inactive
CHEMBL1732365,CC1=C(SCc2ccccc2)C(=O)c2ccccc2C1=O,76750.0,inactive
CHEMBL1587159,Cc1c(CCC(=O)O)c(=O)oc2c(C)c3occ(-c4ccc(Cl)cc4)c3cc12,42180.0,inactive
CHEMBL1344289,COCCNC(=O)c1c(NC(=O)c2ccco2)n(Cc2ccccc2)c2nc3ccccc3nc12,100000.0,inactive
CHEMBL1327721,O=[N+]([O-])c1c(NCCCO)cc(Sc2nc3ccccc3s2)c2nonc12,23050.0,inactive
CHEMBL1311708,O=C(O)CN1C(=O)/C(=C\c2cccc(OCc3ccc(Cl)cc3)c2)SC1=S,39460.0,inactive
CHEMBL1462906,N#Cc1c(O)nc(SCc2cccc(C(F)(F)F)c2)nc1-c1ccccc1,42730.0,inactive
CHEMBL1431126,Oc1nc2ccccc2n2c(-c3ccccc3)nnc12,8260.0,intermediate
CHEMBL1163377,CN1CCN(C2=C(Cl)C(=O)c3ccccc3C2=O)CC1,6330.0,intermediate
CHEMBL1559165,CSc1sccc1/C=C(/C#N)C(=O)c1ccco1,100000.0,inactive
CHEMBL1462814,Nc1ncc(N=Nc2cc(C(=O)O)ccc2Cl)s1,73580.0,inactive
CHEMBL1407205,O=C(Nc1sc2c(c1C(=O)O)CCCC2)c1cccc(Cl)c1,71820.0,inactive
CHEMBL1548688,CCO.N#Cc1c(SC(C(=O)O)c2ccccc2)nc2c(c1-c1cccs1)CCCC2,39220.0,inactive
CHEMBL1470135,Cc1oc2c(c1C(=O)c1ccccc1)C(=O)C(=O)c1ccccc1-2,48430.0,inactive
CHEMBL1304402,CN1CCN(C(c2ccccn2)c2cc(Cl)c3cccnc3c2O)CC1,100000.0,inactive
CHEMBL1431075,CC(C)c1nnc(NC(=O)c2nc(S(=O)(=O)Cc3ccc(F)cc3)ncc2Cl)s1,95980.0,inactive
CHEMBL1304374,COc1cc(Cl)cc(C(c2c(C(=O)O)[nH]c3ccccc23)c2c(C(=O)O)[nH]c3ccccc23)c1O,16930.0,inactive
CHEMBL1311811,C#CCOc1c(Cl)cc(/C=C2/C(=O)ON=C2C)cc1OCC,100000.0,inactive
CHEMBL1470182,COc1cc(/C=C2\SC(NS(=O)(=O)Cc3ccccc3)=NC2=O)c([N+](=O)[O-])cc1OC,55780.0,inactive
CHEMBL3144932,Cc1[nH]n(-c2ccccc2)c(=O)c1C(c1cccc([N+](=O)[O-])c1O)c1c(C)[nH]n(-c2ccccc2)c1=O,31560.0,inactive
CHEMBL1334390,COC(=O)CCC(=O)OC1(C)C(=O)C2=CN(CC3CC3)C(c3ccc(OC)cc3)=CC2=C(Br)C1=O,30550.0,inactive
CHEMBL1431018,CC1=NN(c2ccc(Br)cc2)C(=O)/C1=C/c1ccc(-c2ccccc2C(=O)O)o1,29950.0,inactive
CHEMBL1364062,CCCCCc1c2c(cc(O)c1C(=O)O)OC(=O)c1cc(C(=O)CCCC)c(OC)cc1O2,38960.0,inactive
CHEMBL1391737,O=C(NCc1ccccc1)c1sc(=S)n2c1[nH]c(=O)c1ccccc12,77000.0,inactive
CHEMBL1430983,COc1cc(/C=C2\SC(=O)N(Cc3ccc(Cl)cc3)C2=O)cc([N+](=O)[O-])c1O,67460.0,inactive
CHEMBL461622,Nc1scc2c(C(=O)O)nn(-c3ccccc3)c(=O)c12,44990.0,inactive
CHEMBL1587422,Cc1ccc(C)c(-n2c3nc(=O)[nH]c(=O)c-3cc3cc([N+](=O)[O-])ccc32)c1,14920.0,inactive
CHEMBL1344491,CCCc1nnc(NC(=O)c2nc(S(=O)(=O)Cc3cccc(C)c3)ncc2Cl)s1,100000.0,inactive
CHEMBL1509648,Cc1ccc(/C=C/C(=O)Nc2ccc([N+](=O)[O-])c(NC(=O)/C=C/c3ccc(C)o3)c2)o1,100000.0,inactive
CHEMBL1509676,COC(=O)c1ccc(N2NC(=O)/C(=C/c3ccc(-c4ccc(Cl)c(C(=O)O)c4)o3)C2=O)cc1,11930.0,inactive
CHEMBL1541379,CSc1nnc(NC(=O)c2nc(S(=O)(=O)Cc3ccccc3)ncc2Cl)s1,50640.0,inactive
CHEMBL1509704,CSc1ccc(C(c2c(C(=O)O)[nH]c3ccccc23)c2c(C(=O)O)[nH]c3ccccc23)cc1,48760.0,inactive
CHEMBL1402473,Cc1nc(COC(=O)c2cc(O)c3ccccc3c2O)cs1,43050.0,inactive
CHEMBL3145223,Cc1[nH]n(-c2ccccc2)c(=O)c1C(c1ccc(O)c([N+](=O)[O-])c1)c1c(C)[nH]n(-c2ccccc2)c1=O,28660.0,inactive
CHEMBL1402497,CCCCCCSc1nc(O)c(C2OC(=O)c3c2ccc(OC)c3OC)c(=O)n1CC,56940.0,inactive
CHEMBL1532323,O=C(CCN1C(=O)/C(=C\c2ccccc2F)SC1=S)Nc1ccc(C(=O)O)c(O)c1,32470.0,inactive
CHEMBL1492926,CC1=NN(c2ccc(Cl)c(C(=O)O)c2)C(=O)/C1=C\c1ccc(-c2ccc(C(=O)O)cc2)o1,19440.0,inactive
CHEMBL3194554,C=CCOC(=O)C1=C(C)N=c2s/c(=C3\C(=O)N(CC(=O)O)c4ccccc43)c(=O)n2C1c1ccc(OC)cc1.CC(=O)O,59370.0,inactive
CHEMBL1880447,CC1=NN(c2ccccc2)C(=O)C1=Cc1ccccc1,59430.0,inactive
CHEMBL1732567,O=C(O)C1=CC[C@@H](c2ccc(Cl)cc2)N(S(=O)(=O)c2ccc(Cl)cc2)[C@H]1c1ccc(Br)cc1,36500.0,inactive
CHEMBL1440703,CC(=O)Nc1cc(OC(C)=O)c2nonc2c1OC(C)=O,38040.0,inactive
CHEMBL1458660,Cc1ccc(S(=O)(=O)Nc2ccccc2-c2ccccc2NS(=O)(=O)c2ccc(C)cc2)cc1,54790.0,inactive
CHEMBL1431163,CN(C)S(=O)(=O)c1cccc(-c2nn(-c3ccccc3)cc2/C=C2\SC(=S)N(CC(=O)O)C2=O)c1,79540.0,inactive
CHEMBL1351902,Cc1c(N)cc(N)cc1C(=O)O,100000.0,inactive
CHEMBL1470408,O=C(O)CC/C(=C\c1ccc(N2CCCC2)c([N+](=O)[O-])c1)c1nc2ccccc2s1,43090.0,inactive
CHEMBL1502247,Cc1cccc(C2C3=C(O)c4ccccc4C3=Nc3nn(-c4ccccc4)c(O)c32)c1,59400.0,inactive
CHEMBL1541247,CCCCCCCCn1c(=O)c(C(=O)OCC)c(O)c2ccccc21,77170.0,inactive
CHEMBL1304529,O=C(O)c1[nH]c2ccccc2c1C(c1ccccc1)c1c(C(=O)O)[nH]c2ccccc12,16700.0,inactive
CHEMBL3195827,COc1ccccc1NC1=C(NC(C)=O)C(=O)c2ccccc2C1=O,100000.0,inactive
CHEMBL1327816,O=C1C(=O)c2c(C(=O)c3ccccc3)coc2-c2ccccc21,82290.0,inactive
CHEMBL1564253,O=c1oc2c3c4c(cc2s1)CCCN4CCC3,86720.0,inactive
CHEMBL1424064,CC(C)(C)C1CCc2c(sc(NC(=O)C3CC=CCC3C(=O)O)c2C#N)C1,39440.0,inactive
CHEMBL1571258,O=C1NC(=O)C(=Cc2ccc(Sc3ccccc3)o2)C(=O)N1,100000.0,inactive
CHEMBL1509826,COc1ccc(OC)c(N2C(=O)NC(=O)/C(=C/c3ccc([N+](=O)[O-])s3)C2=O)c1,18780.0,inactive
CHEMBL1391887,COc1cc(/C=C2/C(=O)ON=C2C)ccc1OCc1cccc(F)c1,24130.0,inactive
CHEMBL1580345,Cc1ccc(-n2c3nc(=O)[nH]c(=O)c-3cc3cc([N+](=O)[O-])ccc32)cc1,22930.0,inactive
CHEMBL1733061,CC1=C(O)C(O)=C(C2=C(O)C(O)=C(C)C(=O)C2=O)C(=O)C1=O,28290.0,inactive
CHEMBL1713628,Nc1ccc(S(=O)(=O)Nc2nccs2)cc1N=Nc1ccccc1[N+](=O)[O-],64740.0,inactive
CHEMBL1990734,O=C(O)c1ccccc1N=N/C(=N/Nc1cc(S(=O)(=O)[O-])ccc1O)c1ccccc1.[Na+],19080.0,inactive
CHEMBL1392064,COc1ccc(Nc2cc(Cl)ccc2C(=O)O)cn1,63500.0,inactive
CHEMBL1462969,CCOc1ccc(C(c2c(O)n(C)c(SC)nc2=O)c2c(O)n(C)c(SC)nc2=O)cc1,43020.0,inactive
CHEMBL1352170,Cc1c(N=C2C=C(Br)C(=O)C(Br)=C2)c(=O)n(-c2ccccc2)n1C,82480.0,inactive
CHEMBL1449785,COC(=O)CCC(=O)OC1(C)C(=O)C2=CN(c3ccccc3)C(c3ccc(OC)cc3)=CC2=C(Br)C1=O,100000.0,inactive
CHEMBL3216654,COc1cc(NCCCC(C)N)c2ncccc2c1.Cl.Cl,100000.0,inactive
CHEMBL1481016,O=C(O)C(c1ccccc1)N1C(=O)/C(=C/c2cccs2)SC1=S,46900.0,inactive
CHEMBL1991599,Oc1ccc(/C=N/N2CCOCC2)c(O)c1O,44970.0,inactive
CHEMBL1312212,COc1cccc(NS(=O)(=O)c2ccc3c(c2)C2C=CCC2C(c2ccc(C(=O)O)cc2)N3)c1,66980.0,inactive
CHEMBL202043,O=C1/C(=C/c2ccc(F)cc2)SC(=S)N1NS(=O)(=O)c1ccccc1,36670.0,inactive
CHEMBL1452526,Cc1ccc(/C=C2\SC(=S)N(NS(=O)(=O)c3ccc(C)cc3)C2=O)cc1,25930.0,inactive
CHEMBL1173036,O=C(O)c1ccccc1-c1ccccc1C(=O)Nc1ccc2c(c1)oc(=O)c1ccccc12,56320.0,inactive
CHEMBL1587876,Cc1ccc(C(=O)C2=C(O)C(=O)OC2c2ccc(Cl)cc2)cc1,60820.0,inactive
CHEMBL1392200,Fc1cccc2sc(Nc3nnc(-c4ccccc4)o3)nc12,50210.0,inactive
CHEMBL1532491,O=c1oc2ccccc2c(O)c1[C@H]1c2ccc(O)cc2Oc2c1c(=O)oc1ccccc21,80720.0,inactive
CHEMBL1714002,COC1=C(Br)C(=O)c2ncccc2C1=O,3410.0,intermediate
CHEMBL1549172,COc1cccc(N2C(=O)NC(=O)/C(=C/c3ccc([N+](=O)[O-])s3)C2=O)c1,38020.0,inactive
CHEMBL1392133,Cc1sc(NC(=O)C2CCCCC2C(=O)O)c(C(N)=O)c1-c1ccc(C(C)C)cc1,62680.0,inactive
CHEMBL1431490,O=C(CSc1nnc(-c2ccco2)c(-c2ccco2)n1)Nc1ccccc1,100000.0,inactive
CHEMBL1431570,Cc1ccc(/C=C2/C(=O)NC(=O)N(CC3CCCO3)C2=O)s1,100000.0,inactive
CHEMBL1532549,O=[N+]([O-])c1cccc(/C=C/c2nc(O)nc(O)c2[N+](=O)[O-])c1,72790.0,inactive
CHEMBL1713747,CCCCC[C@@H]1C=C(C(=O)O)[C@H](c2ccc(Cl)cc2)N1S(=O)(=O)c1ccc(C)cc1,42290.0,inactive
CHEMBL1610098,O=C1/C(=C/c2nc3ccccc3[nH]2)SC(=S)N1NS(=O)(=O)c1ccccc1,54740.0,inactive
CHEMBL1392332,O=C1OC(c2ccccc2)C(C(=O)c2ccc(Cl)cc2)=C1O,83440.0,inactive
CHEMBL1881266,N#C/C(=C\c1ccccc1)C(=O)NNS(=O)(=O)c1cccc([N+](=O)[O-])c1,51800.0,inactive
CHEMBL1881398,COc1cc(/C=C2\C(=O)N(c3cccc(C(=O)O)c3)N=C2C)ccc1OCc1ccccc1,7990.0,intermediate
CHEMBL1714335,Cc1ccccc1C1=C/C(=C(\SS/C(C(=O)c2ccc(OCC(=O)O)c(Cl)c2Cl)=C2\C=C(c3ccccc3C)SS2)C(=O)c2ccc(OCC(=O)O)c(Cl)c2Cl)SS1,9250.0,intermediate
CHEMBL1714348,O=C1C(=NO)CCc2ccccc21,88580.0,inactive
CHEMBL1470869,CCCCNC(=O)c1onc(CSc2cccc3ccccc23)c1C(=O)O,49630.0,inactive
CHEMBL1502839,CCn1c(CSc2nnc3ccccn23)nc2cc(C(=O)O)ccc21,23210.0,inactive
CHEMBL1335410,CCC1(C)Cc2c(sc3[nH]c(=O)[nH]c(=O)c23)CS1,88670.0,inactive
CHEMBL1571467,Cc1ccc(/C=C2\SC(=S)N(C(Cc3ccccc3)C(=O)O)C2=O)cc1,39150.0,inactive
CHEMBL1580660,O=S(=O)(Nc1nc(-c2sccc2Cl)cs1)c1cc(Cl)ccc1Cl,41640.0,inactive
CHEMBL1318520,Cc1ccc(S(=O)(=O)N2[C@H](c3ccc(Cl)cc3)CC=C(C(=O)O)[C@@H]2c2ccc(C(C)(C)C)cc2)cc1,39640.0,inactive
CHEMBL1312739,COc1cc(/C=C2/C(=O)NC(=O)N(c3ccccc3)C2=O)ccc1O,100000.0,inactive
CHEMBL1994988,O=[N+]([O-])c1cc(Cl)cc(/C=N/NC(=S)Nc2ccc(S(=O)(=O)N3CCOCC3)cc2)c1O,100000.0,inactive
CHEMBL1902287,CC(Cc1ccc(O)cc1)NCC(O)c1ccc(O)c(O)c1.O=C(O)c1ccccc1,100000.0,inactive
CHEMBL1510455,COc1ccc(N2C(=O)NC(=O)/C(=C\c3ccc([N+](=O)[O-])s3)C2=O)cc1,39110.0,inactive
CHEMBL1541889,O=C(NNc1ccc(O)cc1)c1ccc(Br)cc1,100000.0,inactive
CHEMBL1312673,O=C1NC(=O)C(=Cc2cc3c(cc2[N+](=O)[O-])OCO3)C(=O)N1,21410.0,inactive
CHEMBL1714283,Cc1cc(O)c(C(C)C)cc1N=Cc1ccccc1[N+](=O)[O-],100000.0,inactive
CHEMBL1528294,CCc1ccc(S(=O)(=O)ON2C(=O)c3ccccc3C2=O)cc1,100000.0,inactive
CHEMBL581225,O=C1c2ccc3c4c(ccc(c24)C(=O)N1CCCCO)C(=O)N(CCCCO)C3=O,100000.0,inactive
CHEMBL1453783,COC/C=C/C1=CC2=CC(=O)C(C)(OC(=O)C3CCCC3)C(=O)C2=CO1,90170.0,inactive
CHEMBL1525576,CCc1ccc(/C=C2/SC(=S)N(CCCC(=O)Nc3ccccc3C(=O)O)C2=O)cc1,31350.0,inactive
CHEMBL1588205,CCOc1c(Cl)cc(C(=O)Nc2ccccc2C(=O)O)cc1Cl,52030.0,inactive
CHEMBL1541890,O=C(O)Cc1ccc(N=Nc2c(O)c(C(=O)O)cc3ccccc23)cc1,68100.0,inactive
CHEMBL1734152,CC1COCC(C)N1C1=C(Cl)C(=O)c2ccccc2C1=O,16160.0,inactive
CHEMBL1527565,Cc1cc(O)c(-c2cc(O)c(C)cc2O)cc1O,39770.0,inactive
CHEMBL1330109,Cc1ccc(C(=O)c2no[n+]([O-])c2C(=O)c2ccc(C)cc2)cc1,100000.0,inactive
CHEMBL1541795,Cc1ccc(C(C2=C(O)CC(C)(C)CC2=O)C2C(=O)CC(C)(C)CC2=O)o1,59980.0,inactive
CHEMBL1335615,NS(=O)(=O)c1ccc(N=Nc2c(O)c(C(=O)O)cc3ccccc23)cc1,100000.0,inactive
CHEMBL1463571,Cc1nn2c(O)cc(-c3ccc([N+](=O)[O-])cc3)nc2c1-c1ccccc1,36460.0,inactive
CHEMBL1410860,O=C(COc1cccc2ccccc12)Nc1ccc(Cl)cc1C(=O)O,37730.0,inactive
CHEMBL1402954,CCOc1c(Br)cc(/C=C2\C(=O)N(CCC#N)N=C2C)cc1OC,100000.0,inactive
CHEMBL1532684,CSc1nc(O)c(C(c2ccc(O)cc2)c2c(O)nc(SC)nc2O)c(O)n1,46720.0,inactive
CHEMBL1598439,CCC(=O)OC1(C)C(=O)C=C2C=C(C3CC3)OC=C2C1=O,100000.0,inactive
CHEMBL1902239,C=CCOc1ccc(C(c2c(O)nc(SC)nc2O)c2c(O)nc(SC)nc2O)cc1,33350.0,inactive
CHEMBL1714492,Cc1ccc(S(=O)(=O)N2[C@@H](c3ccc(Br)cc3)C(C(=O)O)=C[C@H]2CC2CCCC2)cc1,36980.0,inactive
CHEMBL3144962,COc1cc(C(c2c(C)[nH]n(-c3ccccc3)c2=O)c2c(C)[nH]n(-c3ccccc3)c2=O)cc(OC)c1OC,38340.0,inactive
CHEMBL1305092,O=C(O)CN1C(=O)/C(=C\c2cccc(OCc3ccc(Cl)cc3Cl)c2)SC1=S,35990.0,inactive
CHEMBL1492148,Cc1ccc(Sc2ccc(C=C3C(=O)N(C)C(=O)N(C)C3=O)o2)cc1,14530.0,inactive
CHEMBL1580684,O=C(CN1C(=O)/C(=C2\SC(=S)N(CCS(=O)(=O)O)C2=O)c2ccccc21)Nc1cccc(Br)c1,21630.0,inactive
CHEMBL1312842,COc1cccc(/C=C2\C(=O)C(=O)c3ccccc32)c1,12900.0,inactive
CHEMBL1549691,CC1=NN(Cc2ccccc2)C(=O)C1C(c1ccc(Cl)cc1)C(C#N)C#N,55170.0,inactive
CHEMBL1368160,COc1cc(/C=C(/C#N)C(=O)Nc2ccccc2)c(Br)cc1OCc1ccc(C(=O)O)cc1,66580.0,inactive
CHEMBL1995550,O=C(/C(=N/N=C/c1ccc(O)c(O)c1O)c1ccccc1)c1ccccc1,50150.0,inactive
CHEMBL1715126,Cc1cc(O)c(C(C)C)cc1N=Cc1ccc(N(C)C)cc1,100000.0,inactive
CHEMBL1549660,CC(C)CSC1=NSC2=NC(=O)/C(=C\c3ccccc3)C(=N)N12,51760.0,inactive
CHEMBL1392718,COC(=O)Cn1cc(C=C2C(=O)NC(=O)NC2=O)c2ccccc21,25660.0,inactive
CHEMBL1541950,O=C1C(Cl)=C(N2CCOCC2)C(=O)N1c1ccc(Br)cc1,36210.0,inactive
CHEMBL1463468,O=C(O)CCN1C(=O)/C(=C2\C(=O)N(Cc3ccc(F)cc3)c3ccccc32)SC1=S,41240.0,inactive
CHEMBL1348345,CCCCNC(=O)c1ccc2nc(-c3ccco3)c(-c3ccco3)nc2c1,80380.0,inactive
CHEMBL1734539,O=Nc1c(O)ccc2cc(S(=O)(=O)O)ccc12,45700.0,inactive
CHEMBL1588339,CCOC(=O)c1c(NC(=O)/C=C/C(=O)O)sc(C)c1-c1ccc(C(C)(C)C)cc1,25610.0,inactive
CHEMBL1715210,CCCCCC(=O)Nc1cc(S(=O)(=O)O)cc2cc(S(=O)(=O)O)cc(O)c12,29950.0,inactive
CHEMBL1323243,O=C1Nc2ccc(Cl)cc2C12Nc1ccccc1-c1nnc(SCc3ccccc3F)nc1O2,43180.0,inactive
CHEMBL1486234,CC1(C)CC(=O)C(C(C2=C(O)CC(C)(C)CC2=O)c2ccc(O)c([N+](=O)[O-])c2)=C(O)C1,9490.0,intermediate
CHEMBL1442097,COC(=O)C1=CN(c2cccc(C)c2)C=C(C(=O)OC)C1c1cc(OC)c(O)c([N+](=O)[O-])c1,56530.0,inactive
CHEMBL1447137,CC1=C(C#N)C(=O)NC(=O)/C1=C\c1ccc(-c2cc(C)c(C)cc2[N+](=O)[O-])o1,64880.0,inactive
CHEMBL3191022,CCn1c(C)nc2cc(C(=O)N/N=C/c3ccc(O)c(O)c3O)ccc21,21690.0,inactive
CHEMBL1559687,COc1cc(/C=C2/C(=O)NN(c3ccc(F)cc3)C2=O)cc([N+](=O)[O-])c1O,100000.0,inactive
CHEMBL1580896,CC1=NN(c2ccccc2)C(=O)/C1=C/c1cccc(C)c1,50470.0,inactive
CHEMBL1446929,CCC(=O)NC1=C(Cl)C(=O)C(NC(=O)CC)=C(Cl)C1=O,5190.0,intermediate
CHEMBL1424728,CC1(C)CC(=O)C(C(c2ccc(Br)cc2)C2C(=O)CC(C)(C)CC2=O)C(=O)C1,79270.0,inactive
CHEMBL3211294,CC1/C(=N\Nc2ccc([N+](=O)[O-])cc2[N+](=O)[O-])CCC1(C(=O)O)c1ccccc1,100000.0,inactive
CHEMBL1493697,Cc1ccc(C(c2c(O)n3c(nc2=O)SCC3)c2c(O)n3c(nc2=O)SCC3)cc1,84200.0,inactive
CHEMBL1486418,COC(=O)c1sc(N2C(=O)C(O)=C(C(=O)c3ccc(C)o3)C2c2ccc([N+](=O)[O-])cc2)nc1C,38490.0,inactive
CHEMBL1368398,CCOC(=O)c1sc(N2N=C(C)/C(=C\c3ccc(OCC(=O)OC)cc3)C2=O)nc1C,90690.0,inactive
CHEMBL1381627,COc1cc(-c2nnc(SCc3cc(=O)oc4cc(O)c(O)cc34)o2)cc(OC)c1OC,100000.0,inactive
CHEMBL1476948,COc1cccc(/C=C2\Oc3cc(OCC(=O)N4Cc5ccccc5C[C@H]4C(=O)O)ccc3C2=O)c1,43400.0,inactive
CHEMBL1715529,O=C(O)C(Cc1ccccc1)N1C(=O)c2c(Cl)c(Cl)c(Cl)c(Cl)c2C1=O,39730.0,inactive
CHEMBL1715633,Cc1ccc(S(=O)(=O)N2[C@H](c3ccc(Cl)c(Cl)c3)CC=C(C(=O)O)[C@@H]2c2ccc(Br)cc2)cc1,42890.0,inactive
CHEMBL1490677,O=C1C=CC(=O)N1N(c1ccccc1)c1ccccc1,41570.0,inactive
CHEMBL1570573,CC1(OC(=O)c2ccco2)C(=O)C=C2C=C(C3CC3)OC=C2C1=O,100000.0,inactive
CHEMBL1580845,O=C1NC(=O)N(c2ccccc2)C(=O)/C1=C/c1ccc([N+](=O)[O-])s1,20370.0,inactive
CHEMBL1542151,O=C1NC(=O)/C(=C/c2ccc(-c3cc(C(=O)O)ccc3Cl)o2)S1,49370.0,inactive
CHEMBL1375750,C#CCOc1ccc(/C=C2/C(=O)ON=C2C)cc1OCC,100000.0,inactive
CHEMBL1331111,O=C(O)/C=C/C(=O)Nc1ccc(C2(c3ccc(NC(=O)/C=C/C(=O)O)cc3)c3ccccc3-c3ccccc32)cc1,18150.0,inactive
CHEMBL1375820,CCc1ccccc1N1C(=O)C(Cl)=C(N2CCOCC2)C1=O,83230.0,inactive
CHEMBL1365198,COC/C=C/C1=CC2=CC(=O)C(C)(OC(=O)c3cnc4ccccc4n3)C(=O)C2=CN1C1CC1,100000.0,inactive
CHEMBL1370841,COC(=O)CCC(=O)OC1(C)C(=O)C2=CN(C3CCCC3)C(c3ccc(OC)cc3)=CC2=C(Br)C1=O,33800.0,inactive
CHEMBL1453077,O=C(CCN1C(=O)/C(=C/c2ccccc2Cl)SC1=S)Nc1ccccc1C(=O)O,77730.0,inactive
CHEMBL1451327,Cc1coc2c(O)cc3c(c12)OC1(N2CCCCC2)C(=O)NCCCC31,27410.0,inactive
CHEMBL1345295,COc1ccc(N2C(=O)NC(=O)/C(=C\c3ccccc3[N+](=O)[O-])C2=O)cc1,31980.0,inactive
CHEMBL1570535,COc1ccccc1/C=C1/C(=O)ON=C1C,100000.0,inactive
CHEMBL1313127,CN1C(=O)/C(=C/c2ccc(C(=O)Nc3ccc(O)cc3C(=O)O)cc2)SC1=S,31810.0,inactive
CHEMBL1471546,COC(=O)C1=C(C(=O)OC)C(c2cc(Cl)ccc2O)c2sc(O)nc2S1,100000.0,inactive
CHEMBL1610382,CCc1ccc([C@@H]2CC=C(C(=O)O)[C@H](c3ccc(C(C)(C)C)cc3)N2S(=O)(=O)c2ccc(C)cc2)cc1,37000.0,inactive
CHEMBL1998429,Cc1ccc(C(=O)N/N=C/c2ccc(-c3ccc(Br)cc3[N+](=O)[O-])o2)o1,100000.0,inactive
CHEMBL1471595,CCC(C)/C=C(C)/C=C/C1=CC2=C(Cl)C(=O)C(C)(OC(C)=O)C(=O)C2=CO1,38010.0,inactive
CHEMBL1432468,O=C(NCc1cccs1)c1nc(O)c2nnn(Cc3ccccc3Cl)c2n1,51760.0,inactive
CHEMBL1323428,C=CCOc1ccc(/C=C2\SC(=S)N(NS(=O)(=O)c3ccc(C)cc3)C2=O)cc1,32900.0,inactive
CHEMBL1735496,NC(=S)N=Nc1c(O)cc(O)c2nc(O)ccc12,20010.0,inactive
CHEMBL1353221,O=c1ccc2[n+]([O-])c3ccc([O-])cc3oc-2c1.[Na+],1610.0,intermediate
CHEMBL1715441,Cc1cc(C)c2nc(N3C(=O)C(O)=C(C(=O)c4ccco4)C3c3ccc(O)cc3)sc2c1,30380.0,inactive
CHEMBL1434708,COc1cccc(/C=C2/C(=O)NN(c3ccc(F)cc3)C2=O)c1,38070.0,inactive
CHEMBL1525702,CC(=O)C1=C(O)C(=O)N(c2cc(C(C)(C)C)on2)C1c1ccc(C(C)C)cc1,95270.0,inactive
CHEMBL1559790,O=C(O)CN1C(=O)/C(=C\c2cc(Br)ccc2OCc2ccccc2F)SC1=S,33100.0,inactive
CHEMBL329706,NC(=O)C1=C(c2ccccc2)c2ccccc2C1=O,59490.0,inactive
CHEMBL1432590,O=C(O)c1cccc(Nc2cc(Cl)c3nonc3c2[N+](=O)[O-])c1,10720.0,inactive
CHEMBL1471665,O=C(O)c1ccccc1-c1ccc(C=C2C(=O)N(c3ccccc3)C(=S)N(c3ccccc3)C2=O)o1,12350.0,inactive
CHEMBL1526067,O=[N+]([O-])c1cc([N+](=O)[O-])c2cc3ccccc3nc2c1,6370.0,intermediate
CHEMBL1328567,O=C1C(O)=C(O)C(=O)c2ccccc21,100000.0,inactive
CHEMBL1570497,CCC(CNc1cc(OC)cc2cccnc12)NC1CCCCC1,39230.0,inactive
CHEMBL1313324,O=C(O)CCN1C(=O)/C(=C/c2ccc(-c3nc4ccccc4s3)o2)SC1=S,100000.0,inactive
CHEMBL1403191,CCC(=O)OC1(C)C(=O)C2=COC(c3ccc(OC)cc3)=CC2=C(Br)C1=O,100000.0,inactive
CHEMBL1471648,CN1C(=O)C(=Cc2ccccc2Oc2ccc(Cl)c(F)c2)C(=O)N(C)C1=O,51850.0,inactive
CHEMBL1904459,Cc1ccccc1C(=O)Nc1cccc(C(=O)N/N=C/c2cc(Cl)cc([N+](=O)[O-])c2O)c1,100000.0,inactive
CHEMBL1313262,Oc1ccc(N=Nc2ccccc2-c2nn[nH]n2)c(O)c1,100000.0,inactive
CHEMBL3197557,Cc1nc2ccccc2c(=O)n1/N=C/c1ccc(O)c(O)c1O,100000.0,inactive
CHEMBL1408302,O=C(COc1cccc2ccccc12)Nc1cc(Cl)ccc1C(=O)O,40550.0,inactive
CHEMBL1581086,CCc1ccc(Nc2ccc(C(=O)O)cc2[N+](=O)[O-])cc1,100000.0,inactive
CHEMBL1432739,C#CCOc1ccccc1/C=C1/C(=O)ON=C1C,100000.0,inactive
CHEMBL1305450,COc1ccc2nc(-c3ccco3)c(-c3ccco3)nc2c1,73930.0,inactive
CHEMBL1581158,O=C1CCNc2cc3ccccc3cc21,100000.0,inactive
CHEMBL1533094,O=C1NN(c2cccc(Br)c2)C(=O)/C1=C\c1ccc(O)cc1,100000.0,inactive
CHEMBL2002332,Sc1nnc(-c2ccco2)n1/N=C/C(Cl)=C/c1ccccc1,62660.0,inactive
CHEMBL1526088,CCc1ccc(NC2=NC(=O)/C(=C/c3cc(Br)c(OCC(=O)O)c(OC)c3)S2)cc1,39540.0,inactive
CHEMBL1464014,Cn1cccc1/C=C1\C(=O)NC(=O)N(Cc2ccccc2)C1=O,23400.0,inactive
CHEMBL1716414,O=[N+]([O-])c1cc(-c2ccccc2)cc([N+](=O)[O-])c1O,58760.0,inactive
CHEMBL1735864,O=C(O)C(Cc1ccccc1)N1C(=O)C=CC1=O,100000.0,inactive
CHEMBL1571889,CC(C)CN(CC(C)C)c1ccc(C=C2C(=O)NC(=S)NC2=O)cc1[N+](=O)[O-],15870.0,inactive
CHEMBL1589086,O=C1NC(=O)C(=Cc2coc3ccccc3c2=O)C(=O)N1,100000.0,inactive
CHEMBL1353570,COc1ccc(C(C2C(=O)CC(C)(C)CC2=O)C2C(=O)CC(C)(C)CC2=O)cc1COCC(F)(F)F,27720.0,inactive
CHEMBL1393237,Cc1ccc(C(C2=C(O)CC(C)(C)CC2=O)C2C(=O)CC(C)(C)CC2=O)s1,29400.0,inactive
CHEMBL1385494,CC1=C/C(=C(/c2cc(C)c(O)c(Br)c2)c2ccccc2S(=O)(=O)O)C=C(Br)C1=O.N,38000.0,inactive
CHEMBL1345754,CCCCC1(C)OC(=O)C(=Cc2ccc(-c3ccc(Cl)c(C(=O)O)c3)o2)C(=O)O1,13960.0,inactive
CHEMBL1313485,CCOC(=O)c1ccc(CC(=O)c2ccc(O)c(O)c2O)o1,33590.0,inactive
CHEMBL1408292,COc1cc(/C=C2\SC(=S)N(NS(=O)(=O)c3ccc(C)cc3)C2=O)cc(OC)c1OC,37350.0,inactive
CHEMBL2001761,Oc1ccc(/C=N/N2CCCCC2)c(O)c1O,100000.0,inactive
CHEMBL2001904,CC1=C/C(=C(\c2cc(C)c(O)c(Br)c2)c2ccccc2S(=O)(=O)O)C=C(Br)C1=O,53190.0,inactive
CHEMBL1393327,O=[N+]([O-])c1ccc(S(=O)(=O)Nc2nc(-c3ccccc3)cs2)cc1,59630.0,inactive
CHEMBL1550490,CCOC(=O)c1ccc(NC2=CC(=O)C(=O)c3ccccc32)cc1,100000.0,inactive
CHEMBL1464042,COC(=O)c1sc(-c2ccc(C(C)(C)C)cc2)cc1NC(=O)/C=C/C(=O)O,65210.0,inactive
CHEMBL1503442,O=C1C(=Cc2cccn2-c2ccc(O)cc2)C(=O)c2ccccc21,10120.0,inactive
CHEMBL1393512,CN1C(=O)NC(=O)/C(=C/c2ccc(C(=O)O)cc2)C1=O,85120.0,inactive
CHEMBL1542529,CCCOc1ccc(/C=C2/C(=O)ON=C2C)cc1OCC,29000.0,inactive
CHEMBL1736254,O=C1C(=NCCc2cc(Br)c(O)c(Br)c2)C=C(O)c2cccnc21,12220.0,inactive
CHEMBL1542511,CC1=NN(c2ccccc2)C(=O)/C1=C/c1cccs1,46820.0,inactive
CHEMBL1408494,Cc1cc(NS(=O)(=O)c2ccc(NC(=O)CSc3nc(O)c4c(C)c(C)sc4n3)cc2)no1,81860.0,inactive
CHEMBL390559,Cc1nn(-c2ccccc2)c(Cl)c1/C=C1\SC(=S)N(CCCCCC(=O)O)C1=O,41350.0,inactive
CHEMBL1570587,O=C1C(Cl)=C(NC(=O)c2ccccc2)C(=O)C(Cl)=C1NC(=O)c1ccccc1,3530.0,intermediate
CHEMBL1433028,O=C(O)/C=C/C(=O)c1ccc2c(c1)NC(=O)CO2,100000.0,inactive
CHEMBL1472217,O=C(O)c1ccc2c(c1)C(=O)N(c1ccc(/C=C/C(=O)c3ccccc3)cc1)C2=O,56720.0,inactive
CHEMBL1313807,Cc1c(CCC(=O)O)c(=O)oc2c(C)c3occ(-c4ccc(Br)cc4)c3cc12,33250.0,inactive
CHEMBL2005484,O=C(O)COc1ccccc1/C=N/Nc1ccc(S(=O)(=O)Nc2ccc(Cl)cc2)cc1[N+](=O)[O-],36720.0,inactive
CHEMBL1589453,COc1ccc(S(=O)(=O)CC(=O)c2cc3cc(Br)ccc3oc2=O)cc1,100000.0,inactive
CHEMBL1521165,Cc1cc(/C=C2\C(=O)NC(=O)N(c3ccccc3)C2=O)c(C)n1-c1ccc(C(=O)O)c(Cl)c1,63730.0,inactive
CHEMBL1393568,CSc1nnc(NC(=O)c2nc(S(=O)(=O)Cc3ccccc3F)ncc2Cl)s1,52320.0,inactive
CHEMBL133576,Cc1cc(C)c(Nc2cc(S(=O)(=O)[O-])c(N)c3c2C(=O)c2ccccc2C3=O)c(C)c1.[Na+],21470.0,inactive
CHEMBL1464107,Cc1nn(-c2cccc(Cl)c2)c2nc(-c3ccco3)cc(C(=O)O)c12,100000.0,inactive
CHEMBL1363719,COc1cc(/C=C2\C(=O)NC(=O)N(c3ccccc3)C2=O)c([N+](=O)[O-])cc1OC,17300.0,inactive
CHEMBL1453327,Cc1sc(NC(=O)C2CCCCC2C(=O)O)c(C(N)=O)c1-c1ccc(C(C)(C)C)cc1,60080.0,inactive
CHEMBL1345808,Cc1ccc(N2C(=O)C(Cl)=C(N3CCN(C)CC3)C2=O)c(C)c1,40450.0,inactive
CHEMBL1716493,Oc1cc(CNCc2ccccc2)c(O)cc1CNCc1ccccc1,37390.0,inactive
CHEMBL1415513,Cc1n[nH]c(O)c1C(c1ccc(-c2ccc(F)cc2)o1)c1c(C)n[nH]c1O,58090.0,inactive
CHEMBL1473975,O=C1ON=C(c2ccc([N+](=O)[O-])cc2)/C1=C/c1ccccc1O,32370.0,inactive
CHEMBL1374665,Cc1cccc(N2C(=O)C(Cl)=C(N3CCOCC3)C2=O)c1,34460.0,inactive
CHEMBL1381243,CCCCn1c(NC(=O)c2ccc(Br)o2)c(S(=O)(=O)c2ccccc2)c2nc3ccccc3nc21,75370.0,inactive
CHEMBL1385654,COc1ccc(C2CC(c3ccccc3)=NN2c2ccc(Cl)c(C(=O)O)c2)cc1,39930.0,inactive
CHEMBL1736648,O=C(O)c1cc(N2C(=O)C=CC2=O)cc(N2C(=O)C=CC2=O)c1,19590.0,inactive
CHEMBL1516335,O=C(O)CN1C(=O)/C(=C\c2ccccc2OCc2ccc(F)cc2)SC1=S,43200.0,inactive
CHEMBL1408395,Cc1ccc2c(c1)c(=O)c1c3n2CCN(C(=O)CCl)C3CC1,100000.0,inactive
CHEMBL1486827,O=C(Cc1cnn(-c2ccccc2)c1)c1ccc(O)c(O)c1O,75690.0,inactive
CHEMBL1589514,COc1ccc(N2C(=O)/C(=C/c3ccco3)C(=O)NC2=S)cc1,100000.0,inactive
CHEMBL1598843,CCOc1cc(/C=C2/C(=O)ON=C2C)ccc1OCc1ccccc1F,41460.0,inactive
CHEMBL1492654,CCOC(=O)C1Nc2ccc(C(=O)O)cc2C2C=CCC12,44950.0,inactive
CHEMBL2006418,O=[N+]([O-])c1ccc(N/N=C/c2ccc(O)c(O)c2O)c(S(=O)(=O)N2CCOCC2)c1,4600.0,intermediate
CHEMBL1490987,CCCc1nnc(NC(=O)c2nc(S(=O)(=O)Cc3ccc(C)cc3)ncc2Cl)s1,100000.0,inactive
CHEMBL515505,Nc1nc(Sc2ccc([N+](=O)[O-])c3nonc23)c2nc[nH]c2n1,16030.0,inactive
CHEMBL1464233,C#CCOc1c(Br)cc(/C=C2/C(=O)ON=C2C)cc1OC,100000.0,inactive
CHEMBL1736502,CCCCCCCCSC1=CC(=O)C(OC)=C(OC)C1=O,12490.0,inactive
CHEMBL1489368,Cc1cccc2c1c1ccc3c(c1n2C)C(=O)C=CC3=O,33460.0,inactive
CHEMBL3197153,C/C(=N\Nc1cccc(C(=O)O)c1)c1ccc2c(c1)Nc1ccccc1S2,100000.0,inactive
CHEMBL1503793,CC(C(=O)Nc1ccc(C(=O)O)c(O)c1)N1C(=O)/C(=C\c2ccco2)SC1=S,79430.0,inactive
CHEMBL1736432,O=[N+]([O-])c1cc2no[n+]([O-])c2cc1N1CCCCC1,6380.0,intermediate
CHEMBL1363865,O=C1ON=C(c2ccccc2)/C1=C/c1ccc(OS(=O)(=O)c2ccccc2)cc1,32280.0,inactive
CHEMBL1425314,Cc1ccc(F)c(NC(=O)/C(C#N)=C(\O)c2ccc(C(C)(C)C)cc2)c1,32570.0,inactive
CHEMBL1414222,CC(C)C1Nc2ccc(C(=O)O)cc2C2C=CCC21,38700.0,inactive
CHEMBL1369048,C=CCc1cc(C=C2C(=O)NC(=O)NC2=O)cc(OC)c1OCc1ccc(C(=O)O)cc1,29120.0,inactive
CHEMBL1442758,O=C(O)c1[nH]c2ccccc2c1C(c1cccc(O)c1)c1c(C(=O)O)[nH]c2ccccc12,23160.0,inactive
CHEMBL1550841,O=S(=O)(Nc1nc2ccccc2nc1NCc1ccco1)c1ccc(Cl)cc1,91920.0,inactive
CHEMBL1443706,Cl.O=C(NCC(c1cccs1)N1CCOCC1)c1ccccc1NS(=O)(=O)c1ccc(Cl)c([N+](=O)[O-])c1,100000.0,inactive
CHEMBL1598985,CCc1nnc(NC(=O)c2nc(S(=O)(=O)Cc3ccccc3)ncc2Cl)s1,100000.0,inactive
CHEMBL1363782,Cc1ccc(C(C2C(=O)CC(C)(C)CC2=O)C2C(=O)CC(C)(C)CC2=O)s1,46420.0,inactive
CHEMBL1345999,O=C1NC(=O)C(=Cc2cc(Cl)ccc2OCc2ccc(C(=O)O)cc2)C(=O)N1,20700.0,inactive
CHEMBL3199187,COC(=O)c1ccc(COc2ccccc2/C=N/Nc2cccc(C(=O)O)c2)cc1,76240.0,inactive
CHEMBL1717449,Nc1c(Br)cc(Br)c2c1C(=O)c1c(cccc1S(=O)(=O)O)C2=O,96110.0,inactive
CHEMBL3183391,CCc1ccc(S(=O)(=O)/N=C2\C=C(NS(=O)(=O)c3ccccc3)C(=O)c3ccccc32)cc1,22920.0,inactive
CHEMBL3182716,CC(C)(C)c1ccc(S(=O)(=O)/N=C2\C=C(NS(=O)(=O)c3ccccc3)C(=O)c3ccccc32)cc1,25470.0,inactive
CHEMBL1336283,Cc1ccc(NC(S)=NNc2ccc([N+](=O)[O-])cc2S(=O)(=O)Nc2ccccc2C(=O)O)cc1C,100000.0,inactive
CHEMBL2007419,C/C(CC(c1ccccc1)c1c(O)oc2ccccc2c1=O)=N\Nc1ccc([N+](=O)[O-])cc1[N+](=O)[O-],94420.0,inactive
CHEMBL1555532,N#Cc1c([N+](=O)[O-])cc([N+](=O)[O-])cc1S(=O)(=O)Cc1ccccc1,100000.0,inactive
CHEMBL1521297,Cc1ccc(C(=O)c2coc3c2C(=O)C(=O)c2ccccc2-3)cc1,55000.0,inactive
CHEMBL1964407,CCOC(=O)/C=C(\C)Sc1cc(O)c2ccccc2c1O,5240.0,intermediate
CHEMBL1572216,Cc1n[nH]c(O)c1C(c1ccc(-c2cccc(Cl)c2)o1)c1c(C)n[nH]c1O,56510.0,inactive
CHEMBL1594182,CCCn1nc([N+](=O)[O-])c(C(C#N)c2nc3ccccc3o2)c(Cl)c1=O,34750.0,inactive
CHEMBL1318778,CC1=C(C#N)c2nc(N)c(C#N)c(C)c2/C1=C\c1ccc(OCC(=O)O)c(Cl)c1,35880.0,inactive
CHEMBL1542987,O=S(=O)([O-])CCC[n+]1c(SCCCS(=O)(=O)O)sc2ccc(Cl)cc21,100000.0,inactive
CHEMBL551842,CCCCCc1c2c(cc(O)c1C(=O)O)OC(=O)c1c(cc(OC)cc1C(=O)CCCC)O2,32190.0,inactive
CHEMBL1408705,O=C1NC(=S)N(c2ccccc2F)C(=O)/C1=C\c1cccs1,70330.0,inactive
CHEMBL1581683,O=C(O)CCC(=O)NCCc1c(/C=C2/C(=O)NC(=S)N(Cc3ccc(F)cc3)C2=O)[nH]c2ccccc12,100000.0,inactive
CHEMBL3190629,Oc1ccc2ccccc2c1/C=N\C12CN3CCN(CN(C3)C1)C2,53910.0,inactive
CHEMBL1503852,O=C(CN1C(=O)/C(=C/c2ccco2)SC1=S)Nc1ccc(O)c(C(=O)O)c1,100000.0,inactive
CHEMBL1497153,O=C(O)c1[nH]c2ccccc2c1C(c1cc(Cl)cc([N+](=O)[O-])c1O)c1c(C(=O)O)[nH]c2ccccc12,9770.0,intermediate
CHEMBL1374603,COc1ccc(NS(=O)(=O)c2ccc3c(c2)[C@H]2C=CC[C@H]2[C@@H](c2ccc(C(=O)O)cc2)N3)cc1,44320.0,inactive
CHEMBL1598944,COc1ccc(/C=C2\C(=O)NC(=O)N(c3ccc(C)c(C)c3)C2=O)cc1CN1C(=O)c2ccccc2C1=O,99510.0,inactive
CHEMBL1503985,CCc1ccc(/C=C2\SC(=S)N(CCCC(=O)Nc3ccccc3C(=O)O)C2=O)cc1,30750.0,inactive
CHEMBL1318817,COc1cc(N=c2ssnc2Cl)c(OC)cc1Cl,100000.0,inactive
CHEMBL1318818,COc1cc(CNc2ccc(N3CCCC3)cc2)ccc1OCc1ccccc1F,54230.0,inactive
CHEMBL1437954,CCOc1ccc2nc(N3CCCN(C(=O)Nc4ccccc4C)CC3)c(C#N)cc2c1,38740.0,inactive
CHEMBL1886015,Nc1nc(O)cc(N=Nc2ccc(O)cc2)n1,26690.0,inactive
CHEMBL1599120,CC1(C)CC(=O)C(C(C2=C(O)CC(C)(C)CC2=O)c2ccc(Br)s2)C(=O)C1,21480.0,inactive
CHEMBL3192031,O=C(O)CC1SC(N/N=C/c2ccc(-c3ccc(Cl)cc3[N+](=O)[O-])o2)=NC1=O,34830.0,inactive
CHEMBL1599047,CC(C)c1ccc(Nc2ccc(C(=O)O)cc2[N+](=O)[O-])cc1,70710.0,inactive
CHEMBL1497208,O=C1C(Cl)=C(N2CCOCC2)C(=O)N1c1ccccc1,18660.0,inactive
CHEMBL1594191,CCOC(=O)c1c(NC(=O)/C=C/C(=O)O)sc(C)c1-c1ccc(Cl)cc1,42980.0,inactive
CHEMBL1565810,Cc1ccc(S(=O)(=O)NN2C(=O)/C(=C/c3cccs3)SC2=S)cc1,35260.0,inactive
CHEMBL1717890,O=C(NC1=CC(=O)c2ccccc2C1=O)c1ccccc1,18460.0,inactive
CHEMBL1477046,Cc1ccc(S(=O)(=O)Nc2nc(-c3ccc(F)cc3)cs2)cc1,70560.0,inactive
CHEMBL1533464,O=C(O)c1ccc(-n2nc(C(F)(F)F)c3c2-c2ccoc2CC3)cc1,89040.0,inactive
CHEMBL1966224,Oc1ccc(/C=N/N=C(c2ccccc2)c2ccccc2)c(O)c1O,23370.0,inactive
CHEMBL1494242,COc1cc(/C=C2/C(=N)N3C(c4ccccc4)=CSC3=NC2=O)ccc1OCC(=O)O,100000.0,inactive
CHEMBL187266,Cc1coc2c1C(=O)C(=O)c1c-2ccc2c1CCCC2(C)C,100000.0,inactive
CHEMBL1526763,O=C(O)c1ccc(COc2ccccc2C=C2C(=O)c3ccccc3C2=O)cc1,6330.0,intermediate
CHEMBL1376342,O=C(O)c1ccc(N(c2ccccc2)c2ccccc2)cc1,60290.0,inactive
CHEMBL1533621,O=C1C=C(Nc2cccc3cccnc23)c2ccccc2C1=O,50360.0,inactive
CHEMBL131037,COc1ccc(OC)c2c1C(=O)C(Cl)=C(Cl)C2=O,5230.0,intermediate
CHEMBL1497243,CCOC(=O)c1cc(-c2ccc(/C=C3/C(=O)N(c4ccc(C(=O)O)cc4)N=C3C)o2)ccc1Cl,21220.0,inactive
CHEMBL1408935,COc1cc(/C=C2\SC(=S)N(NS(=O)(=O)c3ccccc3)C2=O)cc(OC)c1OC,64970.0,inactive
CHEMBL1521427,CC1=NN(Cc2ccccc2)C(=O)C1C(c1ccccc1)C(C#N)C#N,55360.0,inactive
CHEMBL1418928,CCOC(=O)c1c(-c2cccc(C)c2)csc1NC(=O)C1CC=CCC1C(=O)O,61040.0,inactive
CHEMBL1411089,Cc1cc(C)c(S(=O)(=O)ON2C(=O)c3ccccc3C2=O)cc1C,76250.0,inactive
CHEMBL1536196,CNCc1ccccc1Sc1ccc(O)c(O)c1.O=C(O)/C=C\C(=O)O,21180.0,inactive
CHEMBL1434750,O=C(O)CN1C(=O)/C(=C\c2cc(Br)ccc2OCc2ccc(Cl)cc2)SC1=S,24800.0,inactive
CHEMBL1395453,CCOC(=O)c1sc(N2C(=O)C(O)=C(C(=O)c3ccco3)C2c2ccc([N+](=O)[O-])cc2)nc1C,38100.0,inactive
CHEMBL1698646,Cc1ccc(S(=O)(=O)N2[C@@H](c3ccc(Cl)c(Cl)c3)C(C(=O)O)=C[C@H]2CC2CCCC2)cc1,43430.0,inactive
CHEMBL1464715,CSC1=C(C#N)C(=O)NC(c2ccccc2O)S1,45160.0,inactive
CHEMBL1454835,Cc1ccc(N2C(=O)NC(=O)/C(=C\c3cc(C)n(-c4ccc(C(=O)O)cc4)c3C)C2=O)cc1,100000.0,inactive
CHEMBL1967862,O=C1/C(=N\S(=O)(=O)c2ccc([N+](=O)[O-])cc2)C(Cl)=C(O)c2ccccc21,76910.0,inactive
CHEMBL3196320,O=C1CCC/C(=N/Nc2ccc(Cl)cc2)C1,93270.0,inactive
CHEMBL1376311,N#Cc1c(O)nc(SCC(=O)N2c3ccccc3Sc3ccccc32)nc1-c1ccccc1,38950.0,inactive
CHEMBL1425600,CCCOc1cccc(C2C(C(=O)c3cc4ccccc4o3)=C(O)C(=O)N2c2cc(C)on2)c1,32590.0,inactive
CHEMBL1581845,CC1(C)CC(=O)C=C(NC2=CC3OC(c4ccccc4)OCC3OC2=O)C1,100000.0,inactive
CHEMBL1346365,Cc1ccc(/C=C2\SC(NS(=O)(=O)c3cccs3)=NC2=O)cc1,71550.0,inactive
CHEMBL1543152,O=C1NC(=O)C(=Cc2ccccc2Oc2ccc(F)cc2)C(=O)N1,37540.0,inactive
CHEMBL1464721,O=C(O)c1cccc(NC2=C(Cl)C(=O)c3ccccc3C2=O)c1,15570.0,inactive
CHEMBL3145167,COc1ccc(-c2cc(C(F)(F)F)c3c(=O)n(-c4ccccc4)[nH]c3n2)cc1,44160.0,inactive
CHEMBL1386235,CCCSc1nc(O)c(C(c2ccc(OC)c(O)c2)c2c(O)nc(SCCC)n(C)c2=O)c(=O)n1C,42090.0,inactive
CHEMBL1324181,COc1cc(/C=C2\SC(NS(=O)(=O)c3ccccc3)=NC2=O)c([N+](=O)[O-])cc1OC,43380.0,inactive
CHEMBL1369592,COC(=O)CC1=NN(c2ccccc2)C(=O)/C1=C\c1ccc(OC)cc1,33290.0,inactive
CHEMBL1698859,O=C1C(O)=CC(=C(c2ccccc2)c2ccccc2)c2ccccc21,100000.0,inactive
CHEMBL1359070,CN(C)c1ccc(C=C2C(=O)NC(=S)NC2=O)cc1[N+](=O)[O-],12820.0,inactive
CHEMBL1581916,COc1cc2c3c(c1)-c1c(sn(-c4cc(OC)ccc4OC)c1=S)C(C)(C)N3C(=O)C2=O,61950.0,inactive
CHEMBL1536548,O=C1/C(=C/c2cccs2)SC(=S)N1NS(=O)(=O)c1ccccc1,57400.0,inactive
CHEMBL1560629,Cc1cc(/C=C2\C(=O)NC(=O)N(c3ccccc3F)C2=O)c(C)n1-c1cc(C(=O)O)cc(C(=O)O)c1,63590.0,inactive
CHEMBL1359054,O=C1NN(c2ccccc2)C(=O)/C1=C/c1ccc(-c2cccc(C(=O)O)c2)o1,30610.0,inactive
CHEMBL1398748,O=C(O)c1cccc2c1C(=O)c1ccc(-c3ccc(F)cc3OCc3ccccc3)cc1S2(=O)=O,50470.0,inactive
CHEMBL1364221,O=C(O)c1ccc(Nc2cc(Cl)c3nonc3c2[N+](=O)[O-])cc1,11970.0,inactive
CHEMBL1604527,Cc1ccc(C)c(S(=O)(=O)ON2C(=O)c3ccccc3C2=O)c1,100000.0,inactive
CHEMBL1324111,Cc1c(Br)c(O)c(Br)c2sc(=O)oc12,62280.0,inactive
CHEMBL1718737,Cn1c2ccccc2c2ccc3c(c21)C(=O)C=CC3=O,15780.0,inactive
CHEMBL1575481,COc1ccc(/C=C2/SC(=S)N(CC(=O)O)C2=O)cc1OCc1ccc(Cl)cc1,100000.0,inactive
CHEMBL1599312,NS(=O)(=O)c1ccc(-c2ccc(C=C3C(=O)NC(=O)NC3=O)o2)cc1,100000.0,inactive
CHEMBL3392033,N#Cc1c(N)sc(=S)c2c1CCCCC2,100000.0,inactive
CHEMBL1564699,O=C(O)CSc1cc(NS(=O)(=O)c2ccc(Cl)cc2)c2ccccc2c1O,7150.0,intermediate
CHEMBL1611182,O=[N+]([O-])c1c(Nc2cccc(O)c2)cc(Cl)c2nonc12,26240.0,inactive
CHEMBL1386409,C=CCN1C(=O)/C(=C/c2cccs2)C(=O)NC1=S,43760.0,inactive
CHEMBL1299634,CC(/C=C1\SC(=S)N(c2ccc(C(=O)O)cc2)C1=O)=C\c1ccccc1,33740.0,inactive
CHEMBL3189707,CCOc1cc(/C=N/NC2=NC(=O)C(CC(=O)O)S2)ccc1OCc1ccccc1Cl,51710.0,inactive
CHEMBL1555752,CCN(CC)C(=O)c1ccc2c(c1)C1C(Cl)C(Sc3ccccc3[N+](=O)[O-])CC1C(C(=O)O)N2,59050.0,inactive
CHEMBL3189815,COc1ccccc1NS(=O)(=O)c1ccc(N/N=C/c2ccccc2OCC(=O)O)c([N+](=O)[O-])c1,56450.0,inactive
CHEMBL1699206,O=C(N/N=C/c1ccc(-c2ccc(S(=O)(=O)Nc3ncccn3)cc2)o1)c1cc2ccccc2cc1O,76450.0,inactive
CHEMBL1970118,O=C(O)c1ccc(N=N/C(=N\Nc2ccc(C(=O)O)cc2)c2ccccc2)cc1,30390.0,inactive
CHEMBL1438182,O=C(O)CCCNC(=O)/C=C/c1ccco1,100000.0,inactive
CHEMBL1398964,O=C(O)c1cc(N2N=C(C(F)(F)F)/C(=C/C=C/c3ccco3)C2=O)ccc1Cl,24230.0,inactive
CHEMBL1425797,CCCCCOc1ccc(C2C(C(=O)c3ccc(C)o3)=C(O)C(=O)N2c2cc(C)on2)cc1,31560.0,inactive
CHEMBL1865058,CCCCCCCC1=NN(c2ccc(S(=O)(=O)O)cc2)C(=O)C1N=O,27400.0,inactive
CHEMBL3190381,O=C1Nn2c(nc3c(c2=O)CCCC3)/C1=N/Nc1cccc(C(F)(F)F)c1,28680.0,inactive
CHEMBL1718480,CCc1ccc([C@@H]2CC=C(C(=O)O)[C@H](c3ccc(C)cc3)N2S(=O)(=O)c2ccc(C)cc2)cc1,41180.0,inactive
CHEMBL1458114,O=C1/C(=C/c2cccc(F)c2)SC(=S)N1NS(=O)(=O)c1ccccc1,30560.0,inactive
CHEMBL1560577,O=C(O)CN1C(=O)/C(=C\c2cc(Br)ccc2OCc2ccc(Cl)cc2Cl)SC1=S,28820.0,inactive
CHEMBL1438240,CCOc1c(Cl)cc(CNc2ccc(N3CCCC3)cc2)cc1OC,93160.0,inactive
CHEMBL1566197,Cc1ccc(S(=O)(=O)ON2C(=O)c3ccccc3C2=O)c(C)c1,96250.0,inactive
CHEMBL1543544,O=C1NC(=O)N(c2ccc(F)cc2)C(=O)/C1=C/c1ccc(N2CCOCC2)cc1,100000.0,inactive
CHEMBL1566216,O=C(O)CN1C(=O)/C(=C\c2ccccc2OCc2ccc(Cl)cc2)SC1=S,43270.0,inactive
CHEMBL1494499,CC(C)c1ccc(S(=O)(=O)c2nnn3c2nc(O)c2ccccc23)cc1,51500.0,inactive
CHEMBL1487959,O=C(O)CN1C(=O)/C(=C\c2ccccc2OCc2ccc(Cl)cc2Cl)SC1=S,87610.0,inactive
CHEMBL1865393,COc1ccccc1N(C(C)=O)C1=C(Cl)C(=O)c2ccccc2C1=O,9200.0,intermediate
CHEMBL1379740,COc1cccc2nc3cc(C)c(C)cc3nc12,62180.0,inactive
CHEMBL1416184,O=[N+]([O-])c1c(NCCO)cc(Sc2nc3ccccc3s2)c2nonc12,75850.0,inactive
CHEMBL3194086,O=C1C=C(Nc2ccccc2C(=O)O)c2ccccc2C1=O,100000.0,inactive
CHEMBL187460,C[C@H]1COC2=C1C(=O)C(=O)c1c2ccc2c1CCCC2(C)C,90060.0,inactive
CHEMBL1504429,CC(=O)OCCCNc1cc(Sc2nc3ccccc3s2)c2nonc2c1[N+](=O)[O-],100000.0,inactive
CHEMBL1448367,CCCOC(=O)c1c(-c2ccc(C)cc2C)csc1NC(=O)C1C2CCC(O2)C1C(=O)O,55020.0,inactive
CHEMBL1409585,O=C1/C(=C/c2ccc(C(=O)O)cc2)CCC/C1=C\c1ccc(C(=O)O)cc1,100000.0,inactive
CHEMBL1447211,CC1=C(C#N)c2nc(N)c(C#N)c(C)c2/C1=C\c1ccc(-c2ccccc2C(=O)O)o1,27180.0,inactive
CHEMBL1972915,Cc1nn(-c2ccccc2)c(Cl)c1/C=N/Nc1ccc(S(=O)(=O)Nc2ccccc2C(=O)O)cc1[N+](=O)[O-],33130.0,inactive
CHEMBL1594698,COC(=O)COc1ccc(C(C2C(=O)CC(C)(C)CC2=O)C2C(=O)CC(C)(C)CC2=O)cc1,48040.0,inactive
CHEMBL1699845,O=C1C(Cl)=C(Oc2ccccc2)C(=O)c2ccccc21,4630.0,intermediate
CHEMBL1359270,CCc1ccc([C@@H]2CC=C(C(=O)O)[C@H](c3ccc(Cl)cc3)N2S(=O)(=O)c2ccc(C)cc2)cc1,40350.0,inactive
CHEMBL1287980,CN(C)c1ccc(/C=c2\c3cc([N+](=O)[O-])ccc3n3c2cc(-c2ccccc2)[n+]3C)cc1.O=S(=O)([O-])C(F)(F)F,11820.0,inactive
CHEMBL1369802,CC1=NOC(=O)/C1=C/c1ccc2c(c1)OCO2,11560.0,inactive
CHEMBL3196672,NC(=O)/C(=N\OC(=O)c1ccco1)c1nc(-c2ccc(Br)cc2)cs1,40800.0,inactive
CHEMBL3197091,Cc1cc(C)c(S(=O)(=O)/N=C2\C=C(Nc3ccc(C(=O)O)cc3)C(=O)c3ccccc32)c(C)c1,21160.0,inactive
CHEMBL1379894,CC1(C)CC(=O)C2=C(C1)c1c(ccc3ccccc13)NC2c1cc([N+](=O)[O-])cc([N+](=O)[O-])c1O,25330.0,inactive
CHEMBL1604719,O=C(O)CN1C(=O)/C(=C\c2cc(Br)ccc2OCc2ccc(F)cc2)SC1=S,31430.0,inactive
CHEMBL3197651,Cc1cccc(N/N=C/c2ccc(O)c(O)c2O)c1,32640.0,inactive
CHEMBL1336916,COc1ccccc1-c1cc(C(=O)Nc2sc3c(c2C#N)CCC(C)C3)c2ccccc2n1,97810.0,inactive
CHEMBL1379924,CN(C)c1ccc(N=Nc2ccc(S(=O)(=O)[O-])cc2)c2ccccc12.[Na+],46200.0,inactive
CHEMBL1364384,COc1ccc(OC)c(N2C(=O)C(Cl)=C(N3CCOCC3)C2=O)c1,18060.0,inactive
CHEMBL1575788,C#CCOc1c(/C=C\c2nc(O)c([N+](=O)[O-])c(O)n2)cc(Br)cc1OC,74450.0,inactive
CHEMBL381033,CC(/C=C1\SC(=S)N(NS(=O)(=O)c2ccccc2)C1=O)=C\c1ccccc1,29300.0,inactive
CHEMBL1324406,COc1cc(C(C2C(=O)CC(C)(C)CC2=O)C2C(=O)CC(C)(C)CC2=O)cc(OC)c1OC,87670.0,inactive
CHEMBL1482595,O=C(O)c1cc([N+](=O)[O-])c(NCCC2=CCCCC2)c([N+](=O)[O-])c1,72820.0,inactive
CHEMBL1354710,Cc1ccc(S(=O)(=O)N2[C@H](c3ccc(C(C)C)cc3)CC=C(C(=O)O)[C@@H]2c2cccc(Cl)c2)cc1,36260.0,inactive
CHEMBL1346887,O=C(NC(=S)Nc1ccccc1C(=O)O)c1ccc(-c2ccc(Br)cc2)o1,42220.0,inactive
CHEMBL1700257,Cc1ccccc1S(=O)(=O)N1[C@H](c2ccc(Cl)cc2)CC=C(C(=O)O)[C@@H]1c1ccc(Br)cc1,41400.0,inactive
CHEMBL44664,Cc1ccc(C(=O)/C=C/C(=O)O)cc1,100000.0,inactive
CHEMBL1521945,Cc1ccc2c(c1)C(=O)C(=O)N2CCCOc1ccccc1C,100000.0,inactive
CHEMBL1543611,c1coc(-c2nc3nc4ccccc4n3nc2-c2ccco2)c1,99300.0,inactive
CHEMBL1497878,Cc1nc2nc(-c3cccs3)cn2nc1C,17560.0,inactive
CHEMBL1700270,O=S(=O)(O)c1cc(Cl)cc(N=Nc2ccc(O)cc2O)c1O,58300.0,inactive
CHEMBL1887422,O=C1NC(=O)C(=Cc2ccccc2[N+](=O)[O-])C(=O)N1,27340.0,inactive
CHEMBL1416451,Cc1cc(C)cc(NC(=S)N(Cc2ccc(Cl)cc2)Cc2ccc(C(=O)O)cc2)c1,92100.0,inactive
CHEMBL3145089,COc1ccc(C(c2c(C)[nH]n(-c3ccccc3)c2=O)c2c(C)[nH]n(-c3ccccc3)c2=O)cc1OC,35920.0,inactive
CHEMBL1537099,CC1=NN(c2ccc(C)cc2C)C(=O)C1C(c1ccccc1)C1C(=O)N(c2ccc(C)cc2C)N=C1C,48820.0,inactive
CHEMBL1543897,C#CCOc1c(Br)cc(/C=C2/C(=O)ON=C2C)cc1OCC,84740.0,inactive
CHEMBL1386851,COc1cc(C(=S)N2CCN(c3ccccc3Cl)CC2)cc(O)c1O,100000.0,inactive
CHEMBL1594818,CCOc1cc(Br)cc(C(c2c(C(=O)O)[nH]c3ccccc23)c2c(C(=O)O)[nH]c3ccccc23)c1O,18710.0,inactive
CHEMBL1606705,Cc1ccc(-c2nn(-c3ccccc3)cc2C=C2C(=O)CC(C)(C)CC2=O)cc1,44810.0,inactive
CHEMBL1572924,Cc1cccc(NC2=C(NC(=O)c3ccccc3)C(=O)c3ccccc3C2=O)c1,58360.0,inactive
CHEMBL1386872,Cc1ccc(C)c(S(=O)(=O)Nc2ccccc2C(=O)Nc2ccc(S(=O)(=O)Nc3ncccn3)cc2)c1,100000.0,inactive
CHEMBL119878,[O-][S+](c1ccccc1O)[S+]([O-])c1ccccc1O,67960.0,inactive
CHEMBL1409740,CCc1ccc(N2C(=O)C(Cl)=C(N3CCOCC3)C2=O)cc1,45060.0,inactive
CHEMBL1409780,O=C(CCN1C(=O)/C(=C\C=C\c2ccccc2)SC1=S)Nc1ccccc1C(=O)O,64260.0,inactive
CHEMBL1433919,O=C1NN(c2ccc(Cl)c(Cl)c2)C(=O)/C1=C/c1ccc(-c2ccccc2C(=O)O)o1,7410.0,intermediate
CHEMBL1399247,CCOc1ccc(N2C(=O)NC(=O)/C(=C\c3ccccc3[N+](=O)[O-])C2=O)cc1,30470.0,inactive
CHEMBL1340229,Cc1ccc2cc(C=C3C(=O)NC(=O)NC3=O)c(O)nc2c1,78950.0,inactive
CHEMBL441433,O=C(O)c1cccc(N2C(=O)C=CC2=O)c1,76890.0,inactive
CHEMBL1399331,O=C(O)c1cccc2c1NC(C(=O)O)C1CC(Sc3ccccc3[N+](=O)[O-])C(Cl)C21,38860.0,inactive
CHEMBL1976042,Cc1ccc(NS(=O)(=O)c2ccc(N/N=C/c3ccccc3OCC(=O)O)c([N+](=O)[O-])c2)c(C)c1,43910.0,inactive
CHEMBL1477708,COc1cc(/C=C2\C(=N)N3N=C(N4CCOCC4)SC3=NC2=O)ccc1OC(=O)c1ccccc1,80140.0,inactive
CHEMBL1359508,CSc1ccc(-c2sc(Nc3cccc4ccccc34)n[n+]2-c2ccccc2)cc1.[Cl-],44480.0,inactive
CHEMBL1438567,Cc1ccc(CNc2ccc(O)cc2)cc1,92460.0,inactive
CHEMBL1306943,O=C(O)c1cccc(N2C(=O)c3cc([N+](=O)[O-])cc4cc([N+](=O)[O-])cc(c34)C2=O)c1,26670.0,inactive
CHEMBL1561832,COc1ccc(/C=C2\C(=O)NC(=O)N(c3ccccc3)C2=O)cc1CN1C(=O)c2ccccc2C1=O,73950.0,inactive
CHEMBL1605235,O=[N+]([O-])c1cc([N+](=O)[O-])c2oc(-c3ccccc3)c(Br)c2c1O,43830.0,inactive
CHEMBL1340284,O=C(O)/C=C/C(=O)c1c(-c2ccccc2)[nH]c2ccccc12,100000.0,inactive
CHEMBL3194553,O=C(O)/C(CC(=O)c1ccc(Cl)cc1)=N/Nc1ccc([N+](=O)[O-])cc1[N+](=O)[O-],12530.0,inactive
CHEMBL1566530,O=C(O)CN1C(=O)/C(=C\c2cc(Br)ccc2OCc2ccccc2Cl)SC1=S,24260.0,inactive
CHEMBL3145018,Cc1[nH]n(-c2ccccc2)c(=O)c1C(c1ccccc1[N+](=O)[O-])C(C#N)C#N,86410.0,inactive
CHEMBL1701202,Cc1ccc([C@H]2C(C(=O)O)=CC[C@@H](c3ccc(Cl)c(Cl)c3)N2S(=O)(=O)c2ccc(C)cc2)cc1,38790.0,inactive
CHEMBL1340338,Cc1ccc(Cl)c2c(C3=NC(=S)NC3=O)c(O)[nH]c12,61480.0,inactive
CHEMBL1543994,COc1cc(C(c2c(C(=O)O)[nH]c3ccccc23)c2c(C(=O)O)[nH]c3ccccc23)ccc1OCc1ccccc1,16030.0,inactive
CHEMBL1404302,CCOc1cc(/C=C2\C(=O)NC(=O)N(C)C2=O)cc([N+](=O)[O-])c1O,19860.0,inactive
CHEMBL1347163,CCc1sc(/C=C(/C#N)C(N)=S)cc1[N+](=O)[O-],33870.0,inactive
CHEMBL1347107,COC(=O)c1ccc(-c2ccc(C(c3c(C)n[nH]c3O)c3c(C)n[nH]c3O)o2)cc1,100000.0,inactive
CHEMBL3145049,Cc1[nH]n(-c2ncc(-c3ccc(Cl)cc3)s2)c(=O)c1C(c1ccc(Cl)cc1)C(C#N)C#N,22970.0,inactive
CHEMBL1455522,CC1=NN(c2ccc(C(=O)O)cc2)C(=O)/C1=C\c1ccc(OC(=O)c2cccs2)cc1,15590.0,inactive
CHEMBL1458709,O=C(NNc1cc(Br)c(O)c(Br)c1)c1ccccc1,63160.0,inactive
CHEMBL1437854,Nc1c(C(=O)O)sc2nc(-c3ccccc3)cc(-c3ccc(Cl)cc3)c12,70750.0,inactive
CHEMBL1359614,CC(C(=O)Nc1ccc(O)cc1C(=O)O)N1C(=O)/C(=C\c2cccs2)SC1=S,47850.0,inactive
CHEMBL3196837,Oc1ccc(/C=N/Nc2ccc(Cl)nn2)c(O)c1O,16400.0,inactive
CHEMBL1867311,CCOc1cc(/C=N/Nc2ccc(S(=O)(=O)Nc3ccccc3C(=O)O)cc2[N+](=O)[O-])cc(Cl)c1O,30380.0,inactive
CHEMBL1594915,COc1ccccc1N(O)C1CC(=O)N(c2ccc(Br)cc2)C1=O,34750.0,inactive
CHEMBL3196993,O=C(Cc1csc(N2CCOCC2)n1)N/N=C/c1ccc(O)c(O)c1O,100000.0,inactive
CHEMBL1700996,Cl.O=C1C(Br)=C(N2CCN(CCOCCO)CC2)C(=O)c2c(O)ccc(O)c21,5110.0,intermediate
CHEMBL1337176,COc1cccc(/C=C2\SC(=S)N(C(C(=O)O)c3ccccc3)C2=O)c1OC,49710.0,inactive
CHEMBL1887884,O=C1NC(=S)NC(=O)C1=Cc1c(Cl)cccc1Cl,26920.0,inactive
CHEMBL1556267,Cc1cc[n+](-c2[n-]c(=O)sc2C=NNC(=O)c2ccncc2)cc1,83850.0,inactive
CHEMBL1979957,COCC/N=c1\scc(-c2cccs2)n1/N=C/c1ccc(O)c(O)c1O,100000.0,inactive
CHEMBL1396610,O=C(CN1C(=O)/C(=C2/SC(=S)N(CCS(=O)(=O)O)C2=O)c2ccccc21)Nc1cccc(Br)c1,61550.0,inactive
CHEMBL1426440,COC(=O)[C@@H]1[C@@H](C#N)C2(c3ccccc3-c3ccccc32)N(c2ccc(Cl)cc2)N1C#N,92390.0,inactive
CHEMBL1720855,CC1(C)CC[C@]2(C(=O)n3ccnc3)CC[C@]3(C)[C@H](C(=O)C=C4[C@@]3(C)CC[C@H]3C(C)(C)C(=O)C(C#N)=C[C@]43C)[C@@H]2C1,38190.0,inactive
CHEMBL1380356,O=C(O)COc1ccccc1/C=C1\C(=O)NC(=O)N(CCC2=CCCCC2)C1=O,100000.0,inactive
CHEMBL1410091,Cc1oc2cc([N+](=O)[O-])c(O)c([N+](=O)[O-])c2c1C(=O)c1ccc(Cl)cc1,61880.0,inactive
CHEMBL1410249,O=c1nc2n(c(O)c1C(c1ccc(O)cc1)c1c(O)nc3n(c1=O)CCS3)CCS2,48540.0,inactive
CHEMBL1582895,CC(=O)OCC1=C(C(=O)O)N2C(=O)C(NC(=O)CCn3nc(C(F)(F)F)c(Br)c3C3CC3)C2SC1,54780.0,inactive
CHEMBL1489865,CCCOc1ccc(C(=O)C2=C(O)C(=O)N(c3ccccn3)C2c2ccc(OC)cc2)cc1C,74340.0,inactive
CHEMBL1380403,COc1ccccc1N(O)C1CC(=O)N(c2ccc(F)cc2)C1=O,61960.0,inactive
CHEMBL1494912,COc1cccc(/C=C2/C(=O)NN(c3ccccc3)C2=O)c1,45750.0,inactive
CHEMBL175434,NS(=O)(=O)c1ccc(NC2=CC(=O)C(=O)c3ccccc32)cc1,39000.0,inactive
CHEMBL1489812,O=C1NC(=O)C(=Cc2csc3ccccc23)C(=O)N1,26910.0,inactive
CHEMBL1426592,O=C1NN(c2cccc(Br)c2)C(=O)/C1=C\c1ccccc1,35150.0,inactive
CHEMBL3145001,Cc1[nH]n(-c2ccccc2)c(=O)c1C(c1ccc(C(=O)O)cc1)c1c(C)[nH]n(-c2ccccc2)c1=O,20950.0,inactive
CHEMBL1337235,CS(=O)(=O)c1ncc(Cl)c(C(=O)Nc2ccc(N3CCOCC3)cc2)n1,100000.0,inactive
CHEMBL1605668,COc1ccc(C(=O)/C=C/c2ccc(-c3ccccc3)cc2)cc1CSCC(=O)O,37740.0,inactive
CHEMBL1517374,Cc1ccc(O)c(NC2=C(Cl)C(=O)N(Cc3ccccc3)C2=O)c1,100000.0,inactive
CHEMBL1325819,C=CCOc1cccc(C2C(C(=O)c3ccc(C)o3)=C(O)C(=O)N2c2nccs2)c1,5640.0,intermediate
CHEMBL3144970,Cc1[nH]n(-c2ncc(-c3ccccc3)s2)c(=O)c1C(c1ccc(Cl)cc1)C(C#N)C#N,31920.0,inactive
CHEMBL1347373,O=C(O)CCn1cc(C=C2C(=O)NC(=S)NC2=O)c(-c2cccc(Br)c2)n1,6040.0,intermediate
CHEMBL1307207,NC(=O)C1CCN(C2=C(Cl)C(=O)c3ccccc3C2=O)CC1,26040.0,inactive
CHEMBL394197,Cc1n[nH]c(O)c1C(c1ccc(-c2ccc(Cl)c(C(=O)O)c2)o1)c1c(C)n[nH]c1O,100000.0,inactive
CHEMBL1603886,O=C1C(Cl)=C(N2CCCCC2)C(=O)N1c1ccccc1,66860.0,inactive
CHEMBL1891071,CC(=O)N1CCc2c(sc(NC(=O)c3ccc([N+](=O)[O-])o3)c2C(N)=O)C1,89340.0,inactive
CHEMBL1495157,CCOC(=O)C1(C)C(N=Nc2cccc(Cl)c2)=C(O)C(=O)N1c1ccccc1,18380.0,inactive
CHEMBL1340633,COc1cc(-c2ccc(Nc3ccccc3C(=O)O)c(OC)c2)ccc1Nc1ccccc1C(=O)O,18810.0,inactive
CHEMBL1522210,O=C(O)c1[nH]c2ccccc2c1C(c1cc(Br)ccc1O)c1c(C(=O)O)[nH]c2ccccc12,15980.0,inactive
CHEMBL1721095,O=C1C=C(c2c(O)ccc3ccccc23)c2ccccc2C1=O,5910.0,intermediate
CHEMBL1534470,O=Cc1cc(N=Nc2cccc(C(=O)O)c2)ccc1O,99550.0,inactive
CHEMBL3145155,COc1cccc(C(c2c(C)[nH]n(-c3ccccc3)c2=O)c2c(C)[nH]n(-c3ccccc3)c2=O)c1O,38830.0,inactive
CHEMBL1319867,O=[N+]([O-])c1c(Nc2ccccc2O)cc(Cl)c2nonc12,9700.0,intermediate
CHEMBL1566786,COc1cc(/C=C2\C(=O)N(c3ccccc3)N=C2C)ccc1Oc1ccc([N+](=O)[O-])cc1[N+](=O)[O-],58000.0,inactive
CHEMBL1455803,O=[N+]([O-])c1c(O)nc(O)nc1/C=C/c1ccc(Cl)cc1Cl,49120.0,inactive
CHEMBL1544403,COC(=O)c1c(Cl)c2n3ccccc3c(C)c(-c3ccccc3)c-2c1C(=O)OC,74490.0,inactive
CHEMBL1410562,Cc1nn(Cc2ccccc2)c2c1C(c1cccc(Cl)c1)C(C#N)=C(N)O2,100000.0,inactive
CHEMBL1212972,CC1OC(CC(=O)O)CC2=C1C(=O)c1c(O)cccc1C2=O,5040.0,intermediate
CHEMBL1576509,COc1ccccc1/C=C1/C(=O)N(c2ccccc2)N=C1C,90210.0,inactive
CHEMBL1495219,Cn1nc([N+](=O)[O-])c(C(C#N)c2nc3ccccc3n2C)c(Cl)c1=O,16690.0,inactive
CHEMBL1455757,O=C(NN=Cc1cc(Br)c(O)c(Br)c1)c1ccccc1NS(=O)(=O)c1cccs1,27660.0,inactive
CHEMBL3194876,Oc1ccc(/C=N/NC(=S)Nc2cccnc2)c(O)c1O,24440.0,inactive
CHEMBL1370708,COc1cc(/C=C2/SC(NS(=O)(=O)c3ccccc3)=NC2=O)c([N+](=O)[O-])cc1OC,45790.0,inactive
CHEMBL3195177,CC/N=c1\scc(C)n1/N=C/c1ccc(O)c(O)c1O,21350.0,inactive
CHEMBL1890959,Cc1noc(NS(=O)(=O)c2ccc(NC(=O)c3ccccc3NS(=O)(=O)c3ccc(F)c(F)c3)cc2)c1C,33160.0,inactive
CHEMBL1890961,O=C1C=C(N2CC2)c2ccccc2C1=O,29730.0,inactive
CHEMBL1890165,Cc1ccc(S(=O)(=O)/N=C2\C=C(NS(=O)(=O)c3ccc(C)cc3)C(=O)c3ccccc32)cc1,30640.0,inactive
CHEMBL1583026,O=C1NC(=O)C(=Cc2c[nH]nc2-c2ccccc2)C(=O)N1,52960.0,inactive
CHEMBL1984240,COCC/N=c1\scc(-c2ccco2)n1/N=C/c1ccc(O)c(O)c1O,100000.0,inactive
CHEMBL1534498,CCOc1cc([N+](=O)[O-])cc(/C=C2/NC(=O)N(Cc3ccccc3F)C2=O)c1O,58750.0,inactive
CHEMBL1443679,COC(=O)c1c(NC(=O)/C=C/C(=O)O)sc(C)c1-c1ccc(C(C)C)cc1,64970.0,inactive
CHEMBL1517470,Nc1c(S(=O)(=O)[O-])cc(NC(=O)c2ccccc2)c2c1C(=O)c1ccccc1C2=O.[Na+],34340.0,inactive
CHEMBL1365018,CN(C)c1ccc(C=C2C(=O)NC(=O)NC2=O)cc1[N+](=O)[O-],16270.0,inactive
CHEMBL1387563,Cc1ccc(-c2ccc(/C=C3\C(=O)ON=C3c3ccccc3)o2)c([N+](=O)[O-])c1,11100.0,inactive
CHEMBL3196491,Cc1ccc(C)c(S(=O)(=O)/N=C2\C=C(NS(=O)(=O)c3ccccc3)C(=O)c3ccccc32)c1,97850.0,inactive
CHEMBL1370899,Cc1ccc(N2C(=O)C(Cl)=C(N3CCOCC3)C2=O)cc1Cl,34720.0,inactive
CHEMBL1476089,O=C1C(Cl)=CC(=Nc2ccc([O-])cc2)C=C1Cl.[Na+],7020.0,intermediate
CHEMBL1387631,C#CCOc1ccc(/C=C2/C(=O)ON=C2C)cc1Cl,97080.0,inactive
CHEMBL3197063,O=C(O)c1ccc(N/N=C/c2cn(Cc3ccccc3F)c3ccccc23)cc1,64080.0,inactive
CHEMBL1459167,Cc1nn(-c2ccccc2)c2c1C(c1cccs1)C(C#N)=C(N)O2,100000.0,inactive
CHEMBL1721986,CC(C)c1ccc(S(=O)(=O)/N=C2/C=C(Sc3nc[nH]n3)C(=O)c3ccccc32)cc1,6890.0,intermediate
CHEMBL1537807,CCOc1ccc(/C=C/c2nc(O)nc(O)c2[N+](=O)[O-])cc1,45890.0,inactive
CHEMBL1889709,O=C1NN(c2ccccc2)C(=O)C1=Cc1ccccc1O,34570.0,inactive
CHEMBL1583264,CC(=O)N(C(C)=O)N1C(=O)/C(=C/c2ccc(Cl)cc2)SC1=S,23480.0,inactive
CHEMBL1551717,COC(=O)c1c(C)oc2c1cc(NS(=O)(=O)c1ccc(C(=O)O)cc1)c1ccccc12,69000.0,inactive
CHEMBL1498652,O=C1C(C2=C(O)c3ccccc3C2=O)=Nc2ccccc21,56900.0,inactive
CHEMBL1365079,COC(=O)CSC1=NS(=O)(=O)c2ccccc21,23170.0,inactive
CHEMBL1889318,Oc1ccc(CN2CCCCC2)nc1O,64910.0,inactive
CHEMBL1371004,O=C(O)CSc1nc(-c2ccc(Cl)cc2)nc2c1oc1ccccc12,40590.0,inactive
CHEMBL1465938,COc1ccc(S(=O)(=O)Nc2cc(SCC(=O)O)c(O)c3ccccc23)cc1,7220.0,intermediate
CHEMBL1985932,COc1ccc(/C=N/NC2=NC(=O)C(CC(=O)O)S2)cc1OCc1ccc(Cl)cc1Cl,59360.0,inactive
CHEMBL3199328,Oc1ccc(/C=N/NP(=S)(c2ccccc2)c2ccccc2)c(O)c1O,100000.0,inactive
CHEMBL1380801,O=[N+]([O-])c1c(Nc2ccccn2)cc(Cl)c2nonc12,19980.0,inactive
CHEMBL1537873,CCOc1ccc(N2C(=O)C(Cl)=C(N3CCOCC3)C2=O)cc1,29350.0,inactive
CHEMBL1420379,CC(C)(C)c1ccc(OCC(=O)NNC(=S)NC(=O)c2ccccc2[N+](=O)[O-])c(Br)c1,55960.0,inactive
CHEMBL1347659,O=C(O)Cn1cc(C=C2C(=O)NC(=O)NC2=O)c2ccccc21,100000.0,inactive
CHEMBL1400512,CC(C)OP(=O)(OC(C)C)C1(NS(=O)(=O)c2ccccc2)C=C(Br)C(=O)c2ccccc21,57540.0,inactive
CHEMBL1565506,Cc1ccc(S(=O)(=O)Oc2ccccc2C=C2C(=O)N(C)C(=O)N(C)C2=O)cc1,37760.0,inactive
CHEMBL3186541,CC(C)c1ccc(S(=O)(=O)/N=C2\C=C(NS(=O)(=O)c3ccccc3)C(=O)c3ccccc32)cc1,25670.0,inactive
CHEMBL1320143,O=C(CCN1C(=O)/C(=C/c2ccc3c(c2)OCO3)SC1=S)Nc1cccc(C(=O)O)c1,46970.0,inactive
CHEMBL1420416,COc1cc(/C=C2\SC(=S)N(C(C(=O)O)c3ccccc3)C2=O)cc(OC)c1OC,100000.0,inactive
CHEMBL1377516,O=C(O)C1=CC[C@@H](c2ccc(Cl)cc2)N(S(=O)(=O)c2ccc(Cl)cc2)[C@H]1c1cccc(Cl)c1,37420.0,inactive
CHEMBL1527,O=C(c1ccccc1)c1ccc(O)c(O)c1O,57660.0,inactive
CHEMBL1377465,COc1cc(CN2CCCC(C(=O)c3ccc4c5c(cccc35)CC4)C2)cc(OC)c1O,97690.0,inactive
CHEMBL1478304,COc1cc(C(C2C(=O)CC(C)(C)CC2=O)C2C(=O)CC(C)(C)CC2=O)ccc1O,62270.0,inactive
CHEMBL1987742,COC1=CC(=O)C(O)=C(CCCCCCC/C=C/CCCCCCCC2=C(O)C(=O)C=C(OC)C2=O)C1=O,10810.0,inactive
CHEMBL1417070,Cc1c(Cl)cccc1NS(=O)(=O)c1ccc2c(c1)C1C=CCC1C(c1ccc(C(=O)O)cc1)N2,62240.0,inactive
CHEMBL1703236,O=C1CC2CCCN2C=C1I,62720.0,inactive
CHEMBL1583386,Cc1cc(C(C2C(=O)CC(C)(C)CC2=O)C2C(=O)CC(C)(C)CC2=O)cc(C)c1OC(F)F,43470.0,inactive
CHEMBL1331211,O=C(O)CSc1cc(NS(=O)(=O)c2ccc(Br)cc2)c2ccccc2c1O,7660.0,intermediate
CHEMBL1435111,O=C(NN=Cc1cc(Br)c(O)c(Br)c1)c1ccc(NS(=O)(=O)c2cccs2)cc1,53730.0,inactive
CHEMBL3191602,O=C(O)CC1SC(N/N=C/c2ccc(-c3ccccc3[N+](=O)[O-])o2)=NC1=O,88970.0,inactive
CHEMBL1466196,Cc1cccc(-n2c3nc(=O)[nH]c(=O)c-3cc3cc([N+](=O)[O-])ccc32)c1,32730.0,inactive
CHEMBL1538023,CC1=NOC(=O)/C1=C\c1ccc(-c2ccc(Cl)c(C(=O)O)c2)o1,15260.0,inactive
CHEMBL1869545,CC1CC(=O)C(C(C2=C(O)CC(C)CC2=O)c2ccccc2)=C(O)C1,66220.0,inactive
CHEMBL1505493,CCOc1ccc(/C=C2\SC(=S)N(NS(=O)(=O)c3ccc(C)cc3)C2=O)cc1OC,58350.0,inactive
CHEMBL1583428,CCCOC(=O)c1c(NC(=O)C2C3C=CC(C3)C2C(=O)O)sc2c1CCC(C)C2,50280.0,inactive
CHEMBL1320111,COc1ccc(N2C(=O)C(Cl)=C(Nc3ccccc3O)C2=O)cc1,77960.0,inactive
CHEMBL1498871,COc1ccc(C(C2C(=O)CC(C)(C)CC2=O)C2C(=O)CC(C)(C)CC2=O)cc1,30360.0,inactive
CHEMBL1702945,Nc1ccc(S(=O)(=O)c2cc(O)c3ccccc3c2O)cc1,5470.0,intermediate
CHEMBL1439124,CCSc1nnc(NC(=O)c2nc(S(=O)(=O)Cc3ccc(F)cc3)ncc2Cl)s1,41470.0,inactive
CHEMBL1561711,CCCC(C(=O)O)N1C(=O)/C(=C2\C(=O)N(C)c3ccccc32)SC1=S,30370.0,inactive
CHEMBL267548,C=CC1=C(C)c2cc3nc(cc4[nH]c(cc5[nH]c(cc1n2)c(C)c5C=C)c(C)c4CCC(=O)O)C(CCC(=O)O)=C3C,34590.0,inactive
CHEMBL1544885,Cc1cc(N2C(=O)C(O)=C(C(=O)c3ccc(C)o3)C2c2cccc(Oc3ccccc3)c2)no1,31960.0,inactive
CHEMBL1487033,COc1cccc(/C=C2/C(=O)NN(c3ccc(C)c(C)c3)C2=O)c1,100000.0,inactive
CHEMBL1372387,O=C(O)CSc1cc(C(=O)c2ccccc2O)cn2c(=O)c3c4c(sc3nc12)CCCC4,94140.0,inactive
CHEMBL1459491,O=C(COc1ccccc1/C=C\c1nc(O)nc(O)c1[N+](=O)[O-])Nc1ccccc1,39860.0,inactive
CHEMBL1420642,COc1cc(/C=C2/C(=O)c3cccc([N+](=O)[O-])c3C2=O)c(Br)cc1O,7440.0,intermediate
CHEMBL1420606,CC(C)c1ccc(-c2csc(NC(=O)c3cccs3)c2C(=O)O)cc1,39910.0,inactive
CHEMBL1387843,Nc1cc2nsnc2cc1Br,48690.0,inactive
CHEMBL1538116,O=C(O)c1cccc(Nc2nc3ccccc3nc2NS(=O)(=O)c2cccs2)c1,66280.0,inactive
CHEMBL1360321,CN1C(=O)NC(=O)/C(=C\c2ccc([N+](=O)[O-])o2)C1=O,42560.0,inactive
CHEMBL1451059,CCN(CC)Cc1cc(O)c(CN(CC)CC)cc1O,28090.0,inactive
CHEMBL1722512,Cc1ccc([C@@H]2CC=C(C(=O)O)[C@H](c3ccc(Br)cc3)N2S(=O)(=O)c2ccc(C)cc2)cc1,42510.0,inactive
CHEMBL1459563,COC(=O)C1=C(C(=O)OC)C(c2ccccc2O)c2sc(O)nc2S1,93230.0,inactive
CHEMBL1722625,O=[N+]([O-])c1ccc(-c2cc([N+](=O)[O-])c(O)c([N+](=O)[O-])c2)cc1,49300.0,inactive
CHEMBL1381149,COc1cc(/C=C2/C(=O)NN(c3cccc(C)c3)C2=O)ccc1OC(=O)c1ccco1,64030.0,inactive
CHEMBL1870168,O=C1CC(Nc2ccc([N+](=O)[O-])cc2)=NN1c1c(Cl)cc(Cl)cc1Cl,48370.0,inactive
CHEMBL1607313,COc1ccc2[nH]c3c4c(ccc3c2c1)C(=O)C=CC4=O,100000.0,inactive
CHEMBL409315,O=C(O)CN1C(=O)/C(=C2\SC(=S)N(C(Cc3ccccc3)C(=O)O)C2=O)c2ccccc21,41960.0,inactive
CHEMBL1892650,Cc1noc(NS(=O)(=O)c2ccc(NC(=O)c3ccccc3NS(=O)(=O)c3ccc(F)cc3)cc2)c1C,40910.0,inactive
CHEMBL1420739,COc1ccccc1N1C(=O)NC(=O)/C(=C/c2ccc3c(c2)Cc2ccccc2-3)C1=O,59360.0,inactive
CHEMBL1538225,Cc1ccc(-n2c3nc(=O)[nH]c(=O)c-3cc3cc([N+](=O)[O-])ccc32)cc1C,65080.0,inactive
CHEMBL1703976,O=C1OC(c2ccc3ccccc3c2O)(c2ccc3ccccc3c2O)c2ccccc21,18990.0,inactive
CHEMBL1529705,O=C1Nc2ccc(F)cc2C12Nc1ccccc1-c1nnc(SCc3ccccc3Cl)nc1O2,100000.0,inactive
CHEMBL1703892,O=C1/C(=C\c2ccc([N+](=O)[O-])cc2)CS(=O)(=O)C/C1=C/c1ccc([N+](=O)[O-])cc1,100000.0,inactive
CHEMBL1444119,O=C(O)/C(=C\c1ccc(Cl)c([N+](=O)[O-])c1)c1ccc(S(=O)(=O)N2CCCCC2)s1,81430.0,inactive
CHEMBL1703812,COC1C=COC2(C)Oc3c(C)c(O)c4c(O)c(c(CN5CCN(C)CC5)c(O)c4c3C2=O)NC(=O)C(C)=CC=CC(C)C(O)C(C)C(O)C(C)C(OC(C)=O)C1C,96620.0,inactive
CHEMBL1400127,C=CCOc1ccc(C(c2c(C(=O)O)[nH]c3ccccc23)c2c(C(=O)O)[nH]c3ccccc23)cc1,22040.0,inactive
CHEMBL1466466,O=C(O)c1cccc(CN2C(=O)S/C(=C/c3cccc([N+](=O)[O-])c3)C2=O)c1,83210.0,inactive
CHEMBL1325440,Cc1ccc(/C=C2/C(=O)c3ccc(C(=O)O)cc3C2=O)o1,40090.0,inactive
CHEMBL1411221,COc1cc(NC(=O)CSc2ncnc3sc4c(c23)CCC(C)C4)c(C(=O)O)cc1OC,86030.0,inactive
CHEMBL221415,Cc1ccc(-c2nn(-c3ccccc3)cc2/C=C2\SC(=S)N(CC(=O)O)C2=O)cc1,36530.0,inactive
CHEMBL1341444,O=C1NN(c2ccccc2)C(=O)/C1=C\c1cccc(OC(=O)c2cccs2)c1,21190.0,inactive
CHEMBL1538359,CC1(C)CC(=O)C(=Cc2cn(CCC#N)nc2-c2ccc(F)cc2)C(=O)C1,52750.0,inactive
CHEMBL1489633,CCOC(=O)CC1=NN(c2ccccc2)C(=O)/C1=C\c1ccc(OC)cc1OC,27130.0,inactive
CHEMBL1301362,O=C(O)CN1C(=O)/C(=C\c2cccc(OCc3ccccc3)c2)SC1=S,42170.0,inactive
CHEMBL1400214,O=C1NC(=O)C(=Cc2ccc(N3CCN(C(=O)c4ccccc4)CC3)c([N+](=O)[O-])c2)C(=O)N1,19810.0,inactive
CHEMBL1704261,CCCC(=O)NC1=C(Cl)C(=O)c2ccccc2C1=O,14510.0,inactive
CHEMBL1301353,COc1cccc(-c2coc3c(C)c4oc(=O)c(CCC(=O)O)c(C)c4cc23)c1,40460.0,inactive
CHEMBL1331561,O=C1c2ccccc2C(=O)N1OS(=O)(=O)c1ccc(F)cc1,100000.0,inactive
CHEMBL1538386,CC1=NN(c2ccc(Cl)c(C(=O)O)c2)C(=O)/C1=C/c1ccc(-c2ccccc2[N+](=O)[O-])o1,9500.0,intermediate
CHEMBL1478635,COc1cc(/C=C2/SC(NS(=O)(=O)Cc3ccccc3)=NC2=O)c([N+](=O)[O-])cc1OC,76140.0,inactive
CHEMBL3190829,O=C(O)c1cc(N/N=C/c2ccc(-c3ccccc3)cc2)ccc1Cl,61460.0,inactive
CHEMBL1723511,O=C(O)c1cccc2cccc(-c3c4ccc(=O)c(O)c-4oc4c(O)c(O)ccc34)c12,14640.0,inactive
CHEMBL1991442,O=C1Nn2c(nc3c(c2=O)CCCC3)/C1=N/Nc1cccc(Cl)c1,62380.0,inactive
CHEMBL1371641,O=C(O)CN1C(=O)/C(=C\c2cccc(OCc3ccccc3F)c2)SC1=S,38230.0,inactive
CHEMBL1172978,O=C(O)c1ccccc1-c1ccccc1C(=O)Nc1ccc2c(c1)C(=O)c1ccccc1-2,58870.0,inactive
CHEMBL1551702,NC(=O)COc1ccc(/C=C2\C(=O)ON=C2c2ccccc2)cc1,67740.0,inactive
CHEMBL1172912,CCn1c2ccccc2c2cc(NC(=O)c3ccccc3-c3ccccc3C(=O)O)ccc21,42870.0,inactive
CHEMBL3145109,Cc1[nH]n(-c2ccccc2)c(=O)c1C(c1cccc([N+](=O)[O-])c1)c1c(C)[nH]n(-c2ccccc2)c1=O,52870.0,inactive
CHEMBL1491562,CCN(CC)C(=O)c1ccc2c(c1)C1C=CCC1C(C(=O)O)N2,86720.0,inactive
CHEMBL3191780,C/N=c1\scc(C)n1/N=C/c1ccc(O)c(O)c1O,13860.0,inactive
CHEMBL1478587,CSc1nc(SCC(=O)O)c2sc3nc(-c4ccccc4)c4c(c3c2n1)CCC4,48930.0,inactive
CHEMBL1411344,O=C1NC(=S)NC(=O)C1=Cc1cccn1-c1ccc(O)cc1,34250.0,inactive
CHEMBL1528850,O=C(O)CCn1cc(C=C2C(=O)NC(=O)NC2=O)c(-c2ccc(Br)cc2)n1,7970.0,intermediate
CHEMBL1506031,Nc1ccc(N2CCCCC2)c2nonc12,40560.0,inactive
CHEMBL1723955,O=C1C(Cl)=C(NCCc2ccccc2)C(=O)c2ccccc21,9150.0,intermediate
CHEMBL1538460,O=C(O)/C=C/C(=O)c1ccc(O)cc1,100000.0,inactive
CHEMBL1308276,Oc1nc(/C=C/c2ccc(Cl)cc2Cl)cc(C(F)(F)F)n1,68230.0,inactive
CHEMBL1331911,CCCCC(NC(=O)Cc1c(C)c2cc3c(-c4ccccc4)coc3c(C)c2oc1=O)C(=O)O,50960.0,inactive
CHEMBL1325591,COc1cc(/C=C(\C#N)C(=O)Nc2ccccc2C(=O)O)cc(Cl)c1OC,60560.0,inactive
CHEMBL1434285,O=C(O)c1ccccc1NS(=O)(=O)c1cccc(NS(=O)(=O)c2cc(Br)ccc2Br)c1,28280.0,inactive
CHEMBL1607263,CCc1ccc(S(=O)(=O)Nc2cc(SCC(=O)O)c(O)c3ccccc23)cc1,9530.0,intermediate
CHEMBL1368308,COC(=O)CCC(=O)OC1(C)C(=O)C2=CN(Cc3ccccc3)C(c3ccc(OC)cc3)=CC2=C(Br)C1=O,39070.0,inactive
CHEMBL1400203,O=C1Oc2ccccc2C(=O)/C1=C/c1ccccc1O,25180.0,inactive
CHEMBL1405333,CC(C)c1cccc(-c2ccc3c(c2)S(=O)(=O)c2cccc(C(=O)O)c2C3=O)c1,66160.0,inactive
CHEMBL1704513,Cc1cc(O)c2c(c1)C(=O)[C@@]13Oc4c5c(c(O)c6c(O)cc(C)cc46)C(=O)C[C@H](O)[C@H]5[C@@H]1[C@@H](O)CC(=O)C3=C2O,16720.0,inactive
CHEMBL1517389,Cc1ccc2c(c1Cl)NC(C(=O)O)C1CC(Sc3ccccc3[N+](=O)[O-])C(Cl)C21,76860.0,inactive
CHEMBL1529285,O=C(O)c1ccc(NS(=O)(=O)c2ccc3c(c2)C2C=CCC2C(c2ccccc2F)N3)cc1,62330.0,inactive
CHEMBL1994371,CCN1C(=O)/C(=C\c2ccc(-c3ccc([N+](=O)[O-])cc3OC)o2)S/C1=N\c1cccc(C(=O)O)c1,64540.0,inactive
CHEMBL1724452,C[n+]1c(-c2ccccc2)cc2c(=Cc3ccc([N+](=O)[O-])cc3)c3ccccc3n21.O=S(=O)([O-])C(F)(F)F,14250.0,inactive
CHEMBL1538622,N#C/C(=C\c1cccs1)C(=O)c1ccccc1,100000.0,inactive
CHEMBL1332506,O=C1NN(c2ccccc2)C(=O)/C1=C/c1ccc(-c2ccc(C(=O)O)cc2)o1,100000.0,inactive
CHEMBL1518073,COc1ccc(OC)c(N2C(=O)NC(=O)/C(=C\c3ccc([N+](=O)[O-])s3)C2=O)c1,39880.0,inactive
CHEMBL1705201,CCOC(=O)c1c2c(n(-c3ccc(OC)cc3)c1C)C(=O)C(=O)c1ccccc1-2,47030.0,inactive
CHEMBL1450570,CCC(=O)Nc1ccc2nc3c(O)nc(S)nc3nc2c1,39420.0,inactive
CHEMBL1421193,CC(C)(C)OC(=O)N1CC=C2C(C#N)=C(N)C(C#N)(C#N)[C@H](c3cccnc3)[C@H]2C1,100000.0,inactive
CHEMBL1577474,O=C(CSc1nc(O)c(Cc2ccccc2)c(O)n1)Nc1nnc(SCc2ccccc2)s1,43250.0,inactive
CHEMBL1568643,O=C1Nc2ccc(F)cc2C12Nc1ccccc1-c1nnc(SCc3ccccc3F)nc1O2,30830.0,inactive
CHEMBL1308404,O=[N+]([O-])c1c(Nc2ccc(O)cc2)cc(Cl)c2nonc12,10420.0,inactive
CHEMBL1456635,O=C(O)c1ccc(/C=C2\SC(=S)N(Nc3ccccc3)C2=O)cc1,58040.0,inactive
CHEMBL1341762,COC(=O)c1cccc(N2C(=O)C(Cl)=C(N3CCOCC3)C2=O)c1,23630.0,inactive
CHEMBL1427750,O=C1NC(=S)N/C1=C/C=C/c1ccccc1,99770.0,inactive
CHEMBL1526855,CC(=O)N(C1=C(Cl)C(=O)c2ccccc2C1=O)C1CCCCC1,38280.0,inactive
CHEMBL1499491,COc1ccc(Cl)cc1/C=C1/C(=O)ON=C1C,100000.0,inactive
CHEMBL1400449,CCCC1=NN(c2ccccc2)C(=O)/C1=C/c1ccc(OCc2ccc(C(=O)O)cc2)cc1,12150.0,inactive
CHEMBL1871771,C#CCOc1ccc(/C=C2/C(=O)N(c3ccc(S(N)(=O)=O)cc3)N=C2C)cc1OC,100000.0,inactive
CHEMBL1360525,O=C(O)c1cc([N+](=O)[O-])c(Sc2nc3ccccc3[nH]2)c([N+](=O)[O-])c1,100000.0,inactive
CHEMBL1466912,COc1cc(/C=C2/C(=O)NN(c3cccc(C)c3)C2=O)cc([N+](=O)[O-])c1O,51530.0,inactive
CHEMBL1584052,CCCc1nc2nc(C)c(NS(=O)(=O)c3ccc(C4CCCCC4)cc3)c(O)n2n1,61060.0,inactive
CHEMBL1995904,COc1cc(/C=N\Nc2ccc([N+](=O)[O-])cc2)ccc1OCC(=O)Nc1ccc(C)c(C)c1,26260.0,inactive
CHEMBL3199658,O=[N+]([O-])c1ccc(O)c(/C=N/c2ccc3c(c2)OCO3)c1,41910.0,inactive
CHEMBL1421256,Cc1nc2ccc(NC(=O)c3cc([N+](=O)[O-])cc([N+](=O)[O-])c3Cl)cc2s1,59580.0,inactive
CHEMBL1704904,O=C1CC=C2C3CC4N(CCC45c4cc(O)c(O)cc4N1C25)CC3=CCBr,31500.0,inactive
CHEMBL1998302,O=C(O)c1ccc(NC2=C/C(=N/S(=O)(=O)c3ccccc3)c3ccccc3C2=O)cc1,17100.0,inactive
CHEMBL1705449,Cc1ccc(S(=O)(=O)N2[C@H](c3cccc(Cl)c3)CC=C(C(=O)O)[C@@H]2c2cccc(Cl)c2)cc1,48290.0,inactive
CHEMBL1529471,CC(C(=O)Nc1ccc(O)c(C(=O)O)c1)N1C(=O)/C(=C/c2ccco2)SC1=S,100000.0,inactive
CHEMBL1381676,CCC1=NN2C(=N)/C(=C\c3ccc(OCc4cc(=O)n5nc(CC)sc5n4)c(OC)c3)C(=O)N=C2S1,61890.0,inactive
CHEMBL1316014,Cc1cc(C)c2nc(N3C(=O)C(O)=C(C(=O)c4ccco4)C3c3cccc(O)c3)sc2c1,32390.0,inactive
CHEMBL1606907,O=C(CCN1C(=O)/C(=C\c2ccco2)SC1=S)Nc1ccc(C(=O)O)c(O)c1,100000.0,inactive
CHEMBL1895325,O=C1OC(c2ccccc2)(c2cc(Br)c(O)c(Br)c2)c2ccccc21,35230.0,inactive
CHEMBL1724600,Cc1ccc(S(=O)(=O)/N=C2\C=C(NS(=O)(=O)c3ccccc3)C(=O)c3ccccc32)cc1,35800.0,inactive
CHEMBL1341870,CC(C)c1nnc(NC(=O)c2nc(S(=O)(=O)Cc3ccccc3)ncc2Cl)s1,100000.0,inactive
CHEMBL1604350,Cc1ccc(CS(=O)(=O)c2ncc(Cl)c(C(=O)Nc3nnc(C(C)C)s3)n2)cc1,100000.0,inactive
CHEMBL1421333,O=C(O)CCN1C(=O)/C(=C\c2cccc(Oc3ccccc3)c2)SC1=S,37420.0,inactive
CHEMBL1523077,COc1ccc(Br)cc1/C=C/C(=O)NC(=S)Nc1ccc(Cl)c(C(=O)O)c1,46870.0,inactive
CHEMBL1467007,CC1=NOC(=O)/C1=C\c1ccc(-c2ccc(Br)cc2C(=O)O)o1,20120.0,inactive
CHEMBL1895397,O=C1c2ccccc2C(=O)c2c(/C=C/N3CCCCC3)ccnc21,61580.0,inactive
CHEMBL1409603,O=C(NCCCO)c1ccc2nc(-c3ccco3)c(-c3ccco3)nc2c1,86220.0,inactive
CHEMBL1577622,O=C(Nc1ccc(Cl)cc1C(=O)O)c1ccc2c(c1)C(=O)N(Cc1ccco1)C2=O,46310.0,inactive
CHEMBL3191474,Nc1scc2c(C(=O)N/N=C/c3ccc(Cl)cc3)nn(-c3ccccc3)c(=O)c12,70640.0,inactive
CHEMBL1342041,O=S(=O)(Nc1ccc(O)c2ccccc12)c1cccs1,62550.0,inactive
CHEMBL1529115,Cc1ccc(NC(=O)C2=C(c3ccccc3)S(=O)(=O)CCS2(=O)=O)cc1,100000.0,inactive
CHEMBL1499798,CCC(C)(C)C1CCc2c(sc(NC(=O)c3ccccc3C(=O)O)c2C#N)C1,42650.0,inactive
CHEMBL1325759,O=C1NC(=O)N(c2ccccc2F)C(=O)/C1=C/c1ccc(Oc2ccc([N+](=O)[O-])cn2)cc1,56050.0,inactive
CHEMBL1568333,N=C1/C(=C\c2ccc(OC(=O)c3ccc(F)cc3)cc2)C(=O)N=C2SC(N3CCOCC3)=NN12,19230.0,inactive
CHEMBL1421441,CSc1nnc(NC(=O)c2nc(S(=O)(=O)Cc3cccc(C)c3)ncc2Cl)s1,44500.0,inactive
CHEMBL1467030,Cc1ccc(-c2csc3nc(SCC(=O)Nc4ccc(Cl)c(C(=O)O)c4)nc(O)c23)cc1,37020.0,inactive
CHEMBL1360792,Cc1ccc2nc3cc([N+](=O)[O-])cc([N+](=O)[O-])c3cc2c1,9850.0,intermediate
CHEMBL3193823,CCCOc1ccc(C(=O)N/N=C/c2ccc(-c3ccc(S(=O)(=O)Nc4ncccn4)cc3)o2)cc1,100000.0,inactive
CHEMBL3194164,Oc1c(Br)cc(/C=N/n2c(S)nnc2-c2ccccc2)cc1Br,27450.0,inactive
CHEMBL1369492,CCc1nnc(NS(=O)(=O)c2ccc(NC(=S)NC(=O)/C=C/c3ccc(C(C)C)cc3)cc2)s1,49950.0,inactive
CHEMBL1467133,CC1=NN(c2ccccc2)C(=O)/C1=C\c1ccc(Oc2ccc([N+](=O)[O-])cc2[N+](=O)[O-])cc1,19290.0,inactive
CHEMBL1400620,Cc1cccc(N2NC(=O)/C(=C/c3ccc(-c4ccc(Cl)c(C(=O)O)c4)o3)C2=O)c1,22480.0,inactive
CHEMBL1523343,Fc1cccc(Cl)c1CNc1ccc(N2CCCC2)cc1,35560.0,inactive
CHEMBL1378309,CC1(C)CC(=O)C(C(C2=C(O)CC(C)(C)CC2=O)c2cccs2)C(=O)C1,46320.0,inactive
CHEMBL1499794,COc1ccc(-c2cc(-c3ccc(Cl)cc3)c(C#N)c(SCC(=O)O)n2)cc1,50050.0,inactive
CHEMBL1332481,O=C1CNC(=O)/C1=C/c1ccc(Br)cc1,100000.0,inactive
CHEMBL1545646,CCOC(=O)c1c(C)oc2c1cc(NS(=O)(=O)c1ccc(C(=O)O)cc1)c1ccccc12,73840.0,inactive
CHEMBL1439832,COc1ccccc1/C=C1\SC(=S)N(NS(=O)(=O)c2ccc(C)cc2)C1=O,34730.0,inactive
CHEMBL1998566,Cc1ccc(S(=O)(=O)/N=C2/C=C(C3C(=O)CC(C)(C)CC3=O)C(=O)c3ccccc32)cc1,10130.0,inactive
CHEMBL1476442,O=C(O)CCc1ccc(-c2ccc(Br)cc2)n1-c1ccc(O)cc1,100000.0,inactive
CHEMBL1369527,Cc1cc(C)cc(OCCOc2cccc(C=C3C(=O)NC(=O)NC3=O)c2)c1,46890.0,inactive
CHEMBL1494334,Br.Cc1nn(CCc2nc(-c3ccco3)cs2)c2nc(O)cc(C(F)(F)F)c12,100000.0,inactive
CHEMBL1872442,O=C1CC(SC(=S)C2CCCC2=O)C(=O)N1,45440.0,inactive
CHEMBL1551808,O=C(O)CCCN1C(=O)/C(=C\C(Cl)=C\c2ccccc2)SC1=S,36210.0,inactive
CHEMBL1725519,Cc1ccc(C(=O)Nc2ccccc2C(=O)O)cc1S(=O)(=O)Nc1ccc(Br)cc1,49760.0,inactive
CHEMBL1428078,COc1cc(/C=C2/SC(=S)N(CC(=O)O)C2=O)ccc1OC(=O)c1cccs1,88320.0,inactive
CHEMBL3145023,Cc1[nH]n(-c2ccccc2)c(=O)c1N=Nc1ccccc1C(=O)O,58010.0,inactive
CHEMBL1612887,C=CCOc1ccc(/C=C2/C(=O)ON=C2C)cc1OCC,100000.0,inactive
CHEMBL1562359,Cn1nc([N+](=O)[O-])c(C(C#N)c2ccccn2)c(Cl)c1=O,26450.0,inactive
CHEMBL1872625,COc1ccc2c(c1)Cc1cc(NC(=O)c3ccccc3-c3ccccc3C(=O)O)ccc1-2,46330.0,inactive
CHEMBL1535285,O=C1NN(c2ccccc2)C(=O)/C1=C/c1ccc(-c2ccc(Cl)c(C(=O)O)c2)o1,32160.0,inactive
CHEMBL1568897,Cc1cccc(CS(=O)(=O)c2ncc(Cl)c(C(=O)Nc3nnc(C(C)C)s3)n2)c1,94260.0,inactive
CHEMBL3197999,Cc1ccc(-c2ccc(/C=N/NC3=NC(=O)C(CC(=O)O)S3)o2)c([N+](=O)[O-])c1,88630.0,inactive
CHEMBL1490597,Cc1cc([N+](=O)[O-])ccc1N1C(=O)c2ccc(C(=O)Nc3ccccc3C(=O)O)cc2C1=O,67930.0,inactive
CHEMBL1378223,Oc1cc(-n2cccn2)c(O)cc1-n1cccn1,79170.0,inactive
CHEMBL1417932,Cc1ccc(OCCOc2cccc(C=C3C(=O)NC(=O)NC3=O)c2)c(C)c1,35520.0,inactive
CHEMBL1405684,O=C(O)CN1C(=O)/C(=C\c2cc(Br)ccc2OCc2ccc([N+](=O)[O-])cc2)SC1=S,30350.0,inactive
CHEMBL1523512,COc1ccc2c([N+](=O)[O-])c(Cl)[nH]c2c1,100000.0,inactive
CHEMBL1577907,CC(=O)N(C(C)=O)N1C(=O)C2C3c4ccccc4C(c4ccccc43)C2C1=O,53790.0,inactive
CHEMBL1607556,C=CCOc1ccc(/C=C2\SC(=S)N(C(C(=O)O)c3ccccc3)C2=O)cc1,40200.0,inactive
CHEMBL1302213,O=C(CS(=O)(=O)c1ccccc1)c1cc2cc(F)ccc2oc1=O,100000.0,inactive
CHEMBL1506708,CCOc1cc(/C=C(/C#N)c2ccc(Cl)cc2)cc(Cl)c1OCC(=O)O,34480.0,inactive
CHEMBL1460695,O=C(O)c1cccc(-n2cccc2/C=C/[N+](=O)[O-])c1,53640.0,inactive
CHEMBL1321179,O=C1C(Cl)=C(N2CCOCC2)C(=O)N1c1cccc(Cl)c1,13620.0,inactive
CHEMBL2003651,O=C(O)c1ccc(S(=O)(=O)/N=C2\C=C(Nc3ccccc3F)C(=O)c3ccccc32)cc1,11210.0,inactive
CHEMBL1428278,Cc1sc2nc3ccc(NCc4ccco4)nn3c(=O)c2c1C,100000.0,inactive
CHEMBL1706407,CN(c1ccccc1)c1ccc(/C=C(/CCC(=O)O)c2nc3ccccc3s2)cc1[N+](=O)[O-],48490.0,inactive
CHEMBL1596373,COC(=O)c1sc(-c2ccc(C(C)(C)C)cc2)cc1NC(=O)c1ccccc1C(=O)O,35940.0,inactive
CHEMBL1706454,Cl.O=C1C(Cl)=C(N2CCN(CCO)CC2)C(=O)c2c(O)ccc(O)c21,4580.0,intermediate
CHEMBL1535586,COc1ccc(S(=O)(=O)Nc2nc3ccccc3nc2Nc2cccc(C(=O)O)c2)cc1,34500.0,inactive
CHEMBL1317077,Cc1ccc([C@@H]2CC=C(C(=O)O)[C@H](c3ccc(C(C)(C)C)cc3)N2S(=O)(=O)c2ccc(C)cc2)cc1,39850.0,inactive
CHEMBL1400929,CC(=O)Nc1ccc(S(=O)(=O)Nc2nc3ccccc3nc2Nc2ccc(C(=O)O)c(O)c2)cc1,100000.0,inactive
CHEMBL1389073,O=C1S/C(=C\c2ccc(O)c([N+](=O)[O-])c2)C(=O)N1c1ccccc1Cl,40610.0,inactive
CHEMBL3191758,O=C(O)COc1ccccc1/C=N/NC(=O)c1cc(-c2ccc(Cl)cc2)nc2ccccc12,39480.0,inactive
CHEMBL1479103,Oc1cc2c(cc1O)C1c3ccc(O)c(O)c3OCC1(O)C2,17360.0,inactive
CHEMBL1321164,COc1cccc(/C=C2\SC(=S)N(C(Cc3ccccc3)C(=O)O)C2=O)c1,44400.0,inactive
CHEMBL1726363,O=C1NC(=O)C(=Cc2c(Cl)cccc2Cl)C(=O)N1,43420.0,inactive
CHEMBL8260,O=c1cc(-c2ccccc2)oc2cc(O)c(O)c(O)c12,35060.0,inactive
CHEMBL1500035,CCc1ccc(/C=C/C(=O)C2C(=O)c3ccccc3C2=O)cc1,62780.0,inactive
CHEMBL1893983,CC1=CC(=O)C(Sc2ccc(C)cc2)=CC1=O,14450.0,inactive
CHEMBL1460650,CCOc1ccc(/C=C2\SC(=S)N(NS(=O)(=O)c3ccccc3)C2=O)cc1OC,71200.0,inactive
CHEMBL1500165,COc1ccc(NC(S)=NNc2ccc(S(=O)(=O)Nc3ccccc3C(=O)O)cc2[N+](=O)[O-])cc1,15750.0,inactive
CHEMBL1496231,COC(CNC(=O)c1ccc2c3c(onc13)-c1ccccc1C2=O)OC,4670.0,intermediate
CHEMBL1707040,CN(C)c1c([N+](=O)[O-])cc(N2C(=O)C=CC2=O)cc1[N+](=O)[O-],11090.0,inactive
CHEMBL1726134,O=C1C(=C(I)I)c2ccccc2-c2ccccc21,29020.0,inactive
CHEMBL1535670,COc1ccc(S(=O)(=O)CC(=O)c2cc3cccc(C)c3oc2=O)cc1,78100.0,inactive
CHEMBL1568915,C/C(=C/CCC(C)[C@H]1CC[C@@]2(C)C3=C(CC[C@]12C)[C@@]1(C)CCC(=O)C(C)(C)[C@@H]1CC3)C(=O)O,47880.0,inactive
CHEMBL1382399,COC(=O)C1=C(C(=O)OC)C(c2cc(Br)ccc2O)c2sc(O)nc2S1,81560.0,inactive
CHEMBL1302328,Cc1cc(C(=O)O)ccc1-c1ccc(/C=C2\NC(=O)N(Cc3ccc(F)cc3)C2=O)o1,100000.0,inactive
CHEMBL1321103,O=C(O)CCn1cc(C=C2C(=O)NC(=S)NC2=O)c(-c2ccccc2)n1,7650.0,intermediate
CHEMBL1584752,CCOC(=O)C1=C(Cc2ccc(F)cc2)C(=O)c2ccccc2C1=O,86400.0,inactive
CHEMBL1569215,O=C1NN(c2ccc(Cl)cc2)C(=O)/C1=C\c1ccc(-c2cccc(C(=O)O)c2)o1,77290.0,inactive
CHEMBL1338698,O=C1NC(=O)C(=Cc2cccc(OCCOc3ccccc3)c2)C(=O)N1,51160.0,inactive
CHEMBL1326252,O=C(O)c1cccc(NS(=O)(=O)c2ccc(-c3ccc(S(=O)(=O)Nc4cccc(C(=O)O)c4)cc3)cc2)c1,49470.0,inactive
CHEMBL1484283,CCCn1nc(NS(=O)(=O)c2cccc3nonc23)c2cc3cccc(C)c3nc21,39800.0,inactive
CHEMBL1428507,CSc1nnc(NC(=O)c2nc(S(=O)(=O)Cc3ccc(C)cc3)ncc2Cl)s1,40510.0,inactive
CHEMBL1496458,CCCCC1=CC2=CC(=O)C(C)(OC(=O)CC)C(=O)C2=CN1Cc1ccc(OC)cc1,100000.0,inactive
CHEMBL1457048,O=C(O)COc1ccc(/C=C/C(=O)c2ccc(C3CCCCC3)cc2)cc1,47660.0,inactive
CHEMBL562949,O=C(O)c1ccc2c(c1)C(=O)/C(=C/c1ccccc1)C2=O,12230.0,inactive
CHEMBL1873953,O=[N+]([O-])c1cc2ccccc2c(O)c1O,7790.0,intermediate
CHEMBL3145176,Cc1nn(-c2ccc(F)cc2)c(O)c1C(c1cccc(O)c1)c1c(C)[nH]n(-c2ccc(F)cc2)c1=O,55520.0,inactive
CHEMBL1428688,COc1ccccc1/C=C1\SC(=S)N(C(C(=O)O)c2ccccc2)C1=O,39080.0,inactive
CHEMBL1302460,Cc1ccc(NC(=O)C(=Cc2ccc(C(=O)O)cc2)C(=O)Nc2ccc(C)cc2C)c(C)c1,100000.0,inactive
CHEMBL1366252,CC(=O)Oc1c(Br)cc(N(C(C)=O)S(=O)(=O)c2ccccc2)c2ccccc12,49800.0,inactive
CHEMBL1500266,COc1ccccc1/C=C1\SC(=S)N(NS(=O)(=O)c2ccccc2)C1=O,36230.0,inactive
CHEMBL1484379,C=CCOc1ccc(/C=C2\SC(=S)N(NS(=O)(=O)c3ccccc3)C2=O)cc1,30380.0,inactive
CHEMBL1578127,Cc1ccc(N2C(=O)/C(=C\Nc3ccccc3-c3nnc(S)nc3O)c3ccccc3C2=O)cc1C,31470.0,inactive
CHEMBL1448387,Oc1cc2c(cc1O)[C@H]1c3ccc(O)c(O)c3OC[C@@]1(O)C2,22540.0,inactive
CHEMBL1590513,O=C(O)c1cc([N+](=O)[O-])c(Nc2cccc3ccccc23)c([N+](=O)[O-])c1,64730.0,inactive
CHEMBL1372964,COc1ccc2c(c1OC)C(=O)OC2c1c(O)n(Cc2ccc(F)cc2)c(=O)[nH]c1=O,69740.0,inactive
CHEMBL1514916,CC(C)c1cc2c(c(O)c1O)[C@@]13CCCC(C)(C)C1CC2OC3=O,84430.0,inactive
CHEMBL1535633,CCOc1ccc(N2C(=O)NC(=O)/C(=C\c3cc(OC)c(OC)cc3[N+](=O)[O-])C2=O)cc1,27620.0,inactive
CHEMBL1467719,O=C(O)CCn1cc(C=C2C(=O)NC(=S)NC2=O)c(-c2cccc(Cl)c2)n1,10930.0,inactive
CHEMBL1707443,Oc1c(CN2CCOCC2)cc(CN2CCOCC2)c(O)c1O,15250.0,inactive
CHEMBL1557914,CC(=O)Oc1ccc(/C=C2/C(=O)N(c3ccccc3)N=C2C)cc1,55990.0,inactive
CHEMBL1707215,O=C(c1ccccc1NS(=O)(=O)c1ccc([N+](=O)[O-])cc1[N+](=O)[O-])N1O[C@@H]2C=C[C@H]1C2,45370.0,inactive
CHEMBL1349290,CC(C(=O)Nc1ccc(O)c(C(=O)O)c1)N1C(=O)/C(=C/c2cccs2)SC1=S,41100.0,inactive
CHEMBL1539338,Cc1ccc(N2NC(=O)/C(=C/c3ccc(-c4ccc(Cl)c(C(=O)O)c4)o3)C2=O)cc1C,79100.0,inactive
CHEMBL1546228,O=C1C=CC(=NNc2ccccc2)C=CC1=O,91240.0,inactive
CHEMBL1467623,Cc1c(CCC(=O)O)c(=O)oc2c(C)c(OCc3cc4c(cc3Cl)OCO4)ccc12,51670.0,inactive
CHEMBL1569134,COc1ccc(N2C(=O)C(Cl)=C(N3CCOCC3)C2=O)cc1,33070.0,inactive
CHEMBL3392068,N#Cc1c(N)sc(=S)c2c1CCCC2,90800.0,inactive
CHEMBL393834,COc1ccccc1Nc1ccc2c(O)cc(S(=O)(=O)O)cc2c1,60470.0,inactive
CHEMBL1707222,COC1=C(Br)C(=O)c2nc(C)ccc2C1=O,3770.0,intermediate
CHEMBL1578345,O=C(COc1cccnc1[N+](=O)[O-])c1ccc(Cl)s1,100000.0,inactive
CHEMBL1562723,CCOc1cc(/C=C2/SC(=S)N(CC(=O)O)C2=O)ccc1OC(=O)c1cccs1,56280.0,inactive
CHEMBL1382439,O=C(CCN1C(=O)S/C(=C/c2ccccc2)C1=O)Nc1ccc(O)c(C(=O)O)c1,91590.0,inactive
CHEMBL1372836,CCc1nnc(NS(=O)(=O)c2ccc(NC(=S)NC(=O)/C=C/c3ccc(F)cc3)cc2)s1,39300.0,inactive
CHEMBL1302524,CC(=O)N(C1=C(Cl)C(=O)c2ccccc2C1=O)c1ccc(C(=O)O)cc1,5890.0,intermediate
CHEMBL1428710,COc1ccccc1N1C(=O)NC(=O)/C(=C\c2cnn(-c3ccccc3)c2)C1=O,100000.0,inactive
CHEMBL1412785,O=C1NC(=O)N(c2ccccc2)C(=O)/C1=C\c1ccccc1[N+](=O)[O-],38490.0,inactive
CHEMBL1546134,CC1=NNC(=O)/C1=C\c1cn(-c2ccccc2)nc1-c1cccs1,100000.0,inactive
CHEMBL1546136,Cc1cccc(NC(=O)CSc2nnc(-c3ccco3)c(-c3ccco3)n2)c1C,96320.0,inactive
CHEMBL1562843,Cc1cc(N2C(=O)C(O)=C(C(=O)c3ccco3)C2c2cccc(Oc3ccccc3)c2)no1,64620.0,inactive
CHEMBL1479624,O=C(O)c1ccc(Nc2nc3ccccc3nc2NS(=O)(=O)c2ccc(F)cc2)cc1,24910.0,inactive
CHEMBL118175,C/C(=N/Nc1ccc(C(=O)O)cc1)c1ccc(O)c(O)c1O,100000.0,inactive
CHEMBL1418191,COc1ccc(C)cc1NC(=O)c1ccccc1NS(=O)(=O)c1ccc(Cl)s1,49330.0,inactive
CHEMBL1467893,CCOc1ccc(-n2c(=S)sc3c(O)nc(SCC(=O)C(C)(C)C)nc32)cc1,54180.0,inactive
CHEMBL1422185,CN1C(=O)/C(=C/c2cccc([N+](=O)[O-])c2)C(=O)N1c1ccccc1,26250.0,inactive
CHEMBL179574,O=C(O)/C(=C\c1c(C(=O)O)[nH]c2cc(Cl)cc(Cl)c12)c1ccccc1,75490.0,inactive
CHEMBL1578299,O=C1NC(=O)C(=Cc2ccc(-c3ccccc3[N+](=O)[O-])o2)C(=O)N1,17830.0,inactive
CHEMBL1342821,Cl.Oc1ccc(-c2csc(Nc3cccc4ccccc34)n2)cc1O,100000.0,inactive
CHEMBL1566266,Cc1ccccc1NC(=O)CSc1nnc(-c2ccco2)c(-c2ccco2)n1,64700.0,inactive
CHEMBL1389299,O=C1N=C(NS(=O)(=O)Cc2ccccc2)S/C1=C1\C(=O)Nc2ccccc21,51550.0,inactive
CHEMBL1553837,O=C1c2ccccc2C(=O)c2c1cccc2N(CCO)CCO,28810.0,inactive
CHEMBL1607675,CCOC(=O)c1c(NC(=O)C2C3C=CC(C3)C2C(=O)O)sc2c1CCC(CC)C2,42440.0,inactive
CHEMBL1322995,CCc1nnc(NC(=O)c2nc(S(=O)(=O)Cc3ccc(C)cc3)ncc2Cl)s1,100000.0,inactive
CHEMBL1610025,CCC(=O)OCCNc1cc(Sc2nc3ccccc3s2)c2nonc2c1[N+](=O)[O-],29600.0,inactive
CHEMBL1422340,CC1=NN(C(N)=S)C(=O)C1N=Nc1c(Br)cc(Br)cc1Br,43470.0,inactive
CHEMBL1271266,O=S(=O)(O)c1cc(O)c2cc(Nc3ccccc3)ccc2c1,19410.0,inactive
CHEMBL1707907,CCC(c1ccccc1)C(CC)c1cc(O)c(O)c(O)c1,39400.0,inactive
CHEMBL1349629,Nc1nc2ncc(C(=O)c3cc(Cl)cc(Cl)c3O)cc2s1,100000.0,inactive
CHEMBL1585191,O=C1ON=C(c2ccccc2)/C1=C/c1ccc(-c2ccccc2[N+](=O)[O-])o1,11580.0,inactive
CHEMBL1558051,COc1ccc(/C=C2\C(=O)ON=C2c2ccccc2)cc1OC,95440.0,inactive
CHEMBL1309568,Cc1ccc(N2NC(=O)/C(=C\c3cc4c(cc3[N+](=O)[O-])OCO4)C2=O)cc1C,27050.0,inactive
CHEMBL1349676,COC(=O)CCC(=O)OC1(C)C(=O)C2=CN(CCCOC(C)C)C(c3ccc(OC)cc3)=CC2=C(Br)C1=O,19820.0,inactive
CHEMBL1507443,COc1ccc(-c2csc(NC(=O)c3ccccc3Br)c2C(=O)O)cc1,74410.0,inactive
CHEMBL1496782,O=C1NC(=O)C(=Cc2coc3ccc(O)cc3c2=O)C(=O)N1,100000.0,inactive
CHEMBL1373316,C=CS(=O)(=O)c1sc(Cl)c(N2CCOCC2)c1[N+](=O)[O-],11000.0,inactive
CHEMBL3144999,Cc1[nH]n(-c2ccccc2)c(=O)c1C(c1ccc([N+](=O)[O-])cc1)c1c(C)[nH]n(-c2ccccc2)c1=O,33200.0,inactive
CHEMBL1728065,CN(C)c1ccc(Cc2cc3c(O)ccc(O)c3cc(Cc3ccc(N(C)C)cc3)c2=O)cc1,44090.0,inactive
CHEMBL1361582,O=C1Nc2ccc(Br)cc2/C1=C1/SC(=S)N(NS(=O)(=O)c2ccccc2)C1=O,23590.0,inactive
CHEMBL1382760,CC(=O)c1cc(O)c2ccccc2c1O,29720.0,inactive
CHEMBL1479843,C#CCOc1ccc(/C=C2/C(=O)ON=C2C)cc1Br,80670.0,inactive
CHEMBL1578670,O=S(=O)(O)c1cccc2c(N=Nc3ccc(O)c4ncccc34)cccc12,34840.0,inactive
CHEMBL1895726,O=C1c2ccccc2C(O)(c2ccccc2)N1c1ccc([N+](=O)[O-])cc1Cl,60820.0,inactive
CHEMBL3196706,N#C/C(=C\c1ccc(C#N)cc1)C(=O)c1ccccc1,100000.0,inactive
CHEMBL210208,O=c1ccc2c(-c3ccccc3S(=O)(=O)O)c3ccc(O)c(O)c3oc-2c1O,4060.0,intermediate
CHEMBL1708363,Cc1cc(O)c(C(C)C)cc1N=Cc1ccc([N+](=O)[O-])cc1,90050.0,inactive
CHEMBL1968273,Oc1c(Br)cc(Br)c(/C=N/n2c(S)nnc2-c2ccccc2)c1Br,17940.0,inactive
CHEMBL1608106,O=C(O)CCn1cc(/C=C/C(=O)c2ccc(Cl)cc2)c(-c2cccc(Br)c2)n1,52430.0,inactive
CHEMBL1326643,CCCCCCSc1nc(O)c(C2OC(=O)c3c2ccc(OC)c3OC)c(=O)n1-c1ccccc1,30190.0,inactive
CHEMBL1496732,CCc1ccc(CNc2ccc(O)cc2)cc1,100000.0,inactive
CHEMBL1728361,Oc1cc(CNC2CCCCC2)c(O)cc1CNC1CCCCC1,27380.0,inactive
CHEMBL1382785,O=C(O)c1ccccc1NS(=O)(=O)c1ccc(NN=C(S)Nc2ccc(OC(F)F)cc2)c([N+](=O)[O-])c1,18530.0,inactive
CHEMBL1562987,O=C(CCN1C(=O)S/C(=C\c2ccccc2)C1=O)Nc1ccc(S(=O)(=O)Nc2nccs2)cc1,100000.0,inactive
CHEMBL1389785,O=C(Nc1cc(S(=O)(=O)N2CCOCC2)ccc1O)c1ccc2c(c1)S(=O)(=O)c1ccccc1C2=O,49630.0,inactive
CHEMBL1968789,C=CC/N=c1\scc(-c2ccco2)n1/N=C/c1ccc(O)c(O)c1O,83790.0,inactive
CHEMBL1349793,CCCCCCn1c(=O)c(-c2ccccc2)c(O)c2ccccc21,69380.0,inactive
CHEMBL2021431,CC1=CC(=O)C(C(C)C)=C/C1=C(\c1cc(C(C)C)c(OP(=O)([O-])[O-])cc1C)c1ccccc1C(=O)O.[Na+].[Na+],33360.0,inactive
CHEMBL1412968,CN1C(=O)C(=Cc2ccccc2Oc2ccc(Cl)cc2)C(=O)N(C)C1=O,41520.0,inactive
CHEMBL1558183,CCN(CC)c1ccc(N=C2C(=O)Nc3ccccc32)cc1,100000.0,inactive
CHEMBL3198496,C/N=c1\scc(-c2cccs2)n1/N=C/c1ccc(O)c(O)c1O,70700.0,inactive
CHEMBL1370025,Cc1ccc(S(=O)(=O)NN2C(=O)/C(=C/c3ccc(C(=O)O)cc3)SC2=S)cc1,64920.0,inactive
CHEMBL1969088,CCOC(=O)c1c(/N=C/c2cccc([N+](=O)[O-])c2O)sc(C)c1C,77080.0,inactive
CHEMBL3198976,CSc1nnc(-c2ccccc2/N=C/c2c(C)nn(-c3ccc4ccccc4c3)c2O)c(O)n1,37530.0,inactive
CHEMBL1608255,CC1(C)CC[C@]2(C(=O)O)CC[C@]3(C)C(=CC[C@@H]4[C@@]5(C)CC[C@H](O[C@@H]6O[C@H](C(=O)O)[C@@H](O)[C@H](O[C@@H]7OC[C@H](O)[C@H](O)[C@H]7O)[C@H]6O)C(C)(C)[C@@H]5CC[C@]43C)[C@@H]2C1,30960.0,inactive
CHEMBL1969672,Cc1cc(C)c(S(=O)(=O)/N=C2/C=C(SCC(=O)O)C(=O)c3ccccc32)cc1C,100000.0,inactive
CHEMBL1500942,O=C(O)c1ccc(Cl)c(S(=O)(=O)Nc2ccccc2C(=O)Nc2ccc(Cl)cc2)c1,33990.0,inactive
CHEMBL1448709,CC(/C=C1\SC(=S)N(C(C(=O)O)C(C)C)C1=O)=C\c1ccccc1,34270.0,inactive
CHEMBL1601846,O=c1oc2c(cc1O)oc(=O)c1cc(O)c(O)c(O)c12,100000.0,inactive
CHEMBL1728280,COC1=CC(=O)c2c(ccc3ncnc(N)c23)C1=O,62360.0,inactive
CHEMBL1708852,Cc1ccc(S(=O)(=O)Nc2ccc3ccccc3c2[N+](=O)[O-])cc1,31670.0,inactive
CHEMBL1349850,Cc1ccccc1N1C(=O)C(Cl)=C(N2CCOCC2)C1=O,43660.0,inactive
CHEMBL1790039,CCN(CC)c1ccc(C(=C2C=CC(=[N+](CC)CC)C=C2)c2ccccc2)cc1.O=S(=O)([O-])O,24850.0,inactive
CHEMBL3190974,Cc1cc(SCC(=O)N/N=C/c2ccc(O)c(O)c2O)c(C)cc1Br,17450.0,inactive
CHEMBL1302957,O=C(O)CN1C(=O)/C(=C2\C(=O)N(Cc3ccccc3Cl)c3ccccc32)SC1=S,28210.0,inactive
CHEMBL1382968,O=C1/C(=C2\C(=O)N(Cc3ccc(F)cc3)c3ccccc32)SC(=S)N1CCS(=O)(=O)O,32500.0,inactive
CHEMBL63883,COc1ccc(NC(=O)c2cc3ccccc3cc2O)cc1,100000.0,inactive
CHEMBL1321664,CC1=NN(c2ccccc2)C(=O)/C1=C/c1ccc(Cl)cc1,38580.0,inactive
CHEMBL1324674,Cc1ccc(SCc2n[nH]c3c2C(c2ccc(C)o2)C(C#N)=C(N)O3)cc1,100000.0,inactive
CHEMBL495852,CCC(C)CCCCCCCCCCC(=O)O,42030.0,inactive
CHEMBL1507776,C#CCOc1ccc(/C=C2/C(=O)N(c3cccc(C(=O)O)c3)N=C2C)cc1OC,8420.0,intermediate
CHEMBL1536153,Cc1ccc(NC(=O)c2cccc(C(=O)Nc3ccc(C)cc3C(=O)O)c2)c(C(=O)O)c1,22290.0,inactive
CHEMBL1601789,O=C(O)COc1ccc(Br)cc1/C=C1\C(=O)Nc2ccc(Br)cc21,29320.0,inactive
CHEMBL1429320,Cc1ccc(CSc2nnc3c(n2)OC2(Nc4ccccc4-3)C(=O)Nc3ccc(F)cc32)cc1,24950.0,inactive
CHEMBL3192179,O=C(CCc1ccc(S(=O)(=O)N2CCOCC2)cc1)N/N=C/c1ccc(O)c(O)c1O,51270.0,inactive
CHEMBL1563172,CSc1nc(N)c(N=Nc2ccc([As](=O)(O)O)cc2)c(O)n1,57320.0,inactive
CHEMBL1479899,CCc1c(C)sc(NC(=O)OC)c1C(=O)N1CCCCC1,100000.0,inactive
CHEMBL1317919,CCc1nnc(NC(=O)c2nc(S(=O)(=O)Cc3cccc(C)c3)ncc2Cl)s1,100000.0,inactive
CHEMBL1613608,O=C(O)c1ccc(NS(=O)(=O)c2ccc3c(c2)C(=O)c2cc(S(=O)(=O)Nc4ccc(C(=O)O)cc4)ccc2-3)cc1,95910.0,inactive
CHEMBL1339158,Cc1cccc(NC(=O)c2cc(NC(=O)C3CCCCC3C(=O)O)ccc2N2CCCCC2)c1,37650.0,inactive
CHEMBL1484839,O=C1Nc2ccc(F)cc2C12Nc1ccccc1-c1nnc(SCc3ccccc3)nc1O2,46200.0,inactive
CHEMBL3193639,Cc1c(/N=C2\C=CC(=O)c3ccccc32)c(=O)n(-c2ccccc2)n1C,88590.0,inactive
CHEMBL1972037,NS(=O)(=O)c1ccc(N/N=C/c2ccc(O)c(O)c2O)c([N+](=O)[O-])c1,4590.0,intermediate
CHEMBL1578997,O=C(O)c1ccc(NC2=C(Cl)C(=O)c3ccccc3C2=O)cc1,7760.0,intermediate
CHEMBL1271764,CN1CCN(C2=C(Cl)C(=O)N(c3ccc(Cl)c(Cl)c3)C2=O)CC1,16890.0,inactive
CHEMBL1383141,CCC(C(=O)O)N1C(=O)/C(=C/C(C)=C/c2ccccc2)SC1=S,37760.0,inactive
CHEMBL1422763,CCCC1=NN(c2ccccc2)C(=O)/C1=C\c1ccc(OCc2ccc(C(=O)O)cc2)cc1,10190.0,inactive
CHEMBL1383256,O=C(O)c1ccc(Cl)c(S(=O)(=O)Nc2ccc(S(=O)(=O)Nc3cccc(Cl)c3)cc2)c1,65680.0,inactive
CHEMBL1350220,CCn1c(SC)nc(=O)c(C(c2ccc(OC)c(O)c2)c2c(O)n(CC)c(SC)nc2=O)c1O,49960.0,inactive
CHEMBL1461619,O=C1NC(=O)N(c2ccc3c(c2)OCO3)C(=O)/C1=C\c1ccc(-c2ccccc2C(=O)O)o1,100000.0,inactive
CHEMBL1310138,CSc1nc(S)c2[nH]c(S)nc2n1,30640.0,inactive
CHEMBL1519313,O=C(O)CC1OCC=C2CN3CCC45C6=CC(=O)C(O)=C([N+](=O)[O-])C6=NC4C1C2CC35,100000.0,inactive
CHEMBL1333250,O=C(O)c1ccccc1NS(=O)(=O)c1cccc(-n2sc3ccccc3c2=O)c1,46440.0,inactive
CHEMBL1422732,COc1cc(C=C2C(=O)NC(=O)NC2=O)ccc1OS(=O)(=O)c1ccccc1[N+](=O)[O-],37700.0,inactive
CHEMBL3209440,COc1ccc(/N=c2\oc3c(OC)cccc3cc2C(=O)NCc2ccco2)c(OC)c1,40790.0,inactive
CHEMBL3144974,COc1cccc(C(c2c(C)[nH]n(-c3ccccc3)c2=O)c2c(C)[nH]n(-c3ccccc3)c2=O)c1OC,61100.0,inactive
CHEMBL1310036,Nc1cccc2c1C(=O)N(C(=O)/C=C/c1cccc(F)c1)C2=O,100000.0,inactive
CHEMBL1899341,O=S(=O)(N=C1C=CC(=NS(=O)(=O)c2ccccc2)c2ccccc21)c1ccccc1,19140.0,inactive
CHEMBL1329974,O=C(O)CSc1cc(NS(=O)(=O)c2cccc([N+](=O)[O-])c2)c2ccccc2c1O,5400.0,intermediate
CHEMBL1501132,COCCNC(=O)Nc1ccc2nc(-c3ccco3)c(-c3ccco3)nc2c1,27940.0,inactive
CHEMBL1373937,CC(CCc1sccc1N=Nc1c(O)ccc2ccccc12)CC(=O)O,42490.0,inactive
CHEMBL246448,Cc1ccc(-c2nc3ccc(C(=O)O)cc3nc2-c2ccc(C)cc2)cc1,55270.0,inactive
CHEMBL1303426,Cc1c(Nc2cc(Cl)c3nonc3c2[N+](=O)[O-])c(=O)n(-c2ccccc2)n1C,21440.0,inactive
CHEMBL3198927,C=CCOc1ccccc1/C=c1\sc2nc(=O)c(C)nn2c1=O,12080.0,inactive
CHEMBL1327017,O=C(Nc1cc(C(=O)Nc2ccccc2C(=O)O)cc(C(=O)Nc2ccccc2C(=O)O)c1)c1ccccc1,12680.0,inactive
CHEMBL1585923,COc1cc(/C=C2\C(=O)N(c3ccc(S(N)(=O)=O)cc3)N=C2C)ccc1OC(=O)c1ccco1,73170.0,inactive
CHEMBL1401639,COc1cc(C2C(C#N)=C(N)OC3=C2C(=O)CC(C)(C)C3)c([N+](=O)[O-])cc1OC,100000.0,inactive
CHEMBL1448985,O=C(NCCc1ccccc1)c1ccc2nc(-c3ccco3)c(-c3ccco3)nc2c1,59120.0,inactive
CHEMBL1519374,O=C1C(Cl)=C(Nc2ccc3c[nH]nc3c2)C(=O)c2ccccc21,18650.0,inactive
CHEMBL1540372,CC1(C)CC(=O)C(=Cc2cn(CCC#N)nc2-c2ccc(Cl)cc2)C(=O)C1,31810.0,inactive
CHEMBL1729300,COC1=C(OC)C(=O)C(Sc2ccc3ccccc3c2)=CC1=O,5090.0,intermediate
CHEMBL1390246,C=CCN1C(=O)NC(=O)/C(=C\c2ccc(-c3ccccc3[N+](=O)[O-])o2)C1=O,25220.0,inactive
CHEMBL1540330,CCOC(=O)c1c(NC(=O)/C=C/C(=O)O)sc(C)c1-c1ccc(C)c(C)c1,75130.0,inactive
CHEMBL1374226,CCOC(=O)c1c(-c2ccc(-c3ccccc3)cc2)csc1NC(=O)C1C2CCC(O2)C1C(=O)O,29610.0,inactive
CHEMBL1468800,O=C(O)COc1ccccc1C(Nc1ccccn1)c1cc(Cl)c2cccnc2c1O,43290.0,inactive
CHEMBL1373248,CC(/C=C1\SC(=S)N(C(C(=O)O)c2ccccc2)C1=O)=C\c1ccccc1,38540.0,inactive
CHEMBL1569472,Cc1oc2cc([N+](=O)[O-])c(O)c([N+](=O)[O-])c2c1C(=O)c1ccc(Br)cc1,45250.0,inactive
CHEMBL1256915,CN1CC[C@@]2(C)c3cc(O)ccc3N(C)[C@@H]12.O=C(O)/C=C/C(=O)O,22420.0,inactive
CHEMBL1524427,COC(=O)c1c(C)c2c(C)cc3ccccn3c-2c1C(=O)OC,100000.0,inactive
CHEMBL1413719,COc1cccc(/C=C2\SC(=S)N(NS(=O)(=O)c3ccc(C)cc3)C2=O)c1OC,36160.0,inactive
CHEMBL1445765,COc1ccc2nc(N3CCC(O)CC3)c(C#N)cc2c1,59200.0,inactive
CHEMBL1374123,Cc1cc(N2C(=O)C(O)=C(C(=O)c3ccc(C)o3)C2c2ccc(OCc3ccccc3)cc2)no1,100000.0,inactive
CHEMBL1898246,CCOc1ccc(NS(=O)(=O)c2ccc(Cl)c(NN=C3C(=O)NC(=S)NC3=O)c2)cc1Br,44110.0,inactive
CHEMBL1570267,O=C(O)c1cc(/C=C/C(=O)c2cc(F)ccc2O)c2c(c1)COCO2,100000.0,inactive
CHEMBL1710429,Cc1[nH]c2ccccc2c1C1=CC(=O)C=CC1=O,17730.0,inactive
CHEMBL285527,O=S(=O)(O)c1cccc2cccc(Nc3ccccc3)c12,100000.0,inactive
CHEMBL3145192,Cc1[nH]n(-c2ncc(-c3ccccc3)s2)c(=O)c1C(c1ccc(Br)cc1)C(C#N)C#N,22340.0,inactive
CHEMBL1563370,CC(C)C1Nc2c(O)cc(Cl)c([N+](=O)[O-])c2C2C=CCC21,68880.0,inactive
CHEMBL4483351,CC[C@H](C)[C@@H]1NC(=O)[C@H](CC(N)=O)NC(=O)[C@H](C(C)C)NC(=O)[C@H](CC(C)C)NC(=O)[C@H]([C@@H](C)O)NC(=O)[C@H](CC(N)=O)NC(=O)[C@H](Cc2ccc(OC)cc2)N(C)C(=O)[C@H]([C@@H](C)CC)NC(=O)[C@H](CCCCN)NC(=O)[C@H](Cc2c[nH]c3ccccc23)NC(=O)[C@H](Cc2ccc(O)cc2)NC(=O)CSC[C@@H](C(N)=O)NC1=O,10000.0,inactive
CHEMBL4452943,COc1ccc(C[C@H]2C(=O)N[C@@H](CCCCN)C(=O)N(C)[C@@H](Cc3ccccc3)C(=O)N[C@@H](CCCCN)C(=O)N(C)[C@@H](CO)C(=O)N(C)[C@@H](Cc3ccc(OC)cc3)C(=O)N[C@@H](CCCCN)C(=O)N(C)[C@@H](Cc3ccc(OC)cc3)C(=O)N(C)[C@@H](Cc3ccc(OC)cc3)C(=O)N[C@@H](CCCCN)C(=O)N[C@H](C(N)=O)CSCC(=O)N[C@@H](Cc3ccc(O)cc3)C(=O)N2C)cc1,1700.0,intermediate
CHEMBL4555617,COc1ccc(C[C@H]2C(=O)N[C@@H](Cc3ccccc3)C(=O)N[C@H](C(N)=O)CSCC(=O)N[C@@H](Cc3ccc(O)cc3)C(=O)N[C@@H]([C@@H](C)O)C(=O)N[C@@H](CC(N)=O)C(=O)N[C@@H](Cc3ccccc3)C(=O)N[C@@H](Cc3ccc(O)cc3)C(=O)N[C@@H](CC(C)C)C(=O)N[C@@H](Cc3ccc(O)cc3)C(=O)N3CCC[C@H]3C(=O)N[C@@H](Cc3ccc(O)cc3)C(=O)N2C)cc1,20000.0,inactive
CHEMBL4454475,CC[C@H](C)[C@@H]1NC(=O)CN(C)C(=O)[C@H](Cc2ccc(O)cc2)NC(=O)CSC[C@@H](C(N)=O)NC(=O)[C@@H]2CCCN2C(=O)[C@H]([C@@H](C)CC)NC(=O)[C@H](Cc2ccc(OC)cc2)N(C)C(=O)[C@H](Cc2ccc(OC)cc2)N(C)C(=O)[C@H](CC(N)=O)NC(=O)[C@H](Cc2ccc(O)cc2)NC(=O)[C@H](CCCCN)NC(=O)[C@H](C)NC1=O,20000.0,inactive
CHEMBL4589938,CC(C)C[C@@H]1NC(=O)[C@H]([C@@H](C)O)NC(=O)[C@H](Cc2ccc(O)cc2)NC(=O)CSC[C@@H](C(N)=O)NC(=O)[C@H](Cc2ccccc2)NC(=O)[C@H](Cc2ccccc2)NC(=O)[C@H]([C@@H](C)O)NC(=O)CN(C)C(=O)[C@H](CC(N)=O)NC(=O)[C@H](Cc2cnc[nH]2)NC(=O)[C@H](Cc2ccccc2)NC(=O)[C@@H]2CCCN2C1=O,20000.0,inactive
CHEMBL4538618,CC[C@H](C)[C@@H]1NC(=O)[C@H](C)NC(=O)[C@@H](Cc2ccc(O)cc2)NC(=O)CSC[C@@H](C(N)=O)NC(=O)[C@H](CC(N)=O)NC(=O)[C@H](CC(C)C)N(C)C(=O)[C@H](Cc2ccc(O)cc2)NC(=O)[C@H](CCCCN)NC(=O)[C@H](CC(N)=O)NC(=O)[C@H](Cc2ccc(O)cc2)NC(=O)[C@H](Cc2ccc(OC)cc2)N(C)C(=O)[C@H]([C@@H](C)CC)NC1=O,20000.0,inactive
CHEMBL4440832,O=C(Nc1nc2cc(O)c(O)cc2s1)c1ccccc1Oc1ccc2cc(O)ccc2c1,4200.0,intermediate
CHEMBL3344303,N=C(N)Nc1ccc(OC(=O)c2ccc(NC(=N)N)cc2)cc1,14400.0,inactive
CHEMBL506092,N=C(N)NCCC[C@@H](C=O)NC(=O)[C@H](CCCCN)NC(=O)[C@H](CCCCN)NC(=O)Cc1ccc(-c2ccccc2)cc1,12200.0,inactive
CHEMBL4437334,O=C1C=C/C(=N/Nc2ccc([N+](=O)[O-])cc2Cl)C=C1C(=O)Nc1cccc(Cl)c1,1800.0,intermediate
CHEMBL4569882,COc1ccc(/C=C\c2cc(OC)c(OC)c(OC)c2)cc1NC(=O)[C@H](CCCNC(=N)N)NC(=O)[C@@H](N)CCCNC(=N)N,6300.0,intermediate
CHEMBL4518162,COc1ccc(/C=C\c2cc(OC)c(OC)c(OC)c2)cc1NC(=O)[C@H](CO)NC(=O)[C@H](CCCNC(=N)N)NC(=O)[C@H](CCCNC(=N)N)NC(=O)c1ccccc1,25000.0,inactive
CHEMBL4527753,N=C(N)NCCC[C@H](NC(=O)c1ccccc1)C(=O)N[C@@H](CCCCN)C(=O)N[C@@H]1CN(c2ccccc2)C1=O,17700.0,inactive
CHEMBL4435541,N=C(N)NCCC[C@H](NC(=O)c1ccccc1)C(=O)N[C@@H](CCCCN)C(=O)N[C@@H](C(=O)N[C@H]1CN(c2ccccc2)C1=O)c1ccc(OCc2ccccc2)cc1,2300.0,intermediate
CHEMBL4545602,Cc1ccc(N2C[C@@H](NC(=O)[C@H](NC(=O)[C@H](CCCCN)NC(=O)[C@H](CCCNC(=N)N)NC(=O)c3ccccc3)c3ccc(OCc4ccccc4)cc3)C2=O)cc1,15900.0,inactive
CHEMBL4568434,Cc1ccc(N2C[C@H](NC(=O)[C@H](NC(=O)[C@H](CCCCN)NC(=O)[C@H](CCCNC(=N)N)NC(=O)c3ccccc3)c3ccc(OCc4ccccc4)cc3)C2=O)cc1,2700.0,intermediate
CHEMBL4452870,Cc1cccc(N2C[C@@H](NC(=O)[C@H](NC(=O)[C@H](CCCCN)NC(=O)[C@H](CCCNC(=N)N)NC(=O)c3ccccc3)c3ccc(OCc4ccccc4)cc3)C2=O)c1,16400.0,inactive
CHEMBL4462164,Cc1cccc(N2C[C@H](NC(=O)[C@H](NC(=O)[C@H](CCCCN)NC(=O)[C@H](CCCNC(=N)N)NC(=O)c3ccccc3)c3ccc(OCc4ccccc4)cc3)C2=O)c1,2800.0,intermediate
CHEMBL4576745,N=C(N)NCCC[C@H](NC(=O)c1ccccc1)C(=O)N[C@@H](CCCCN)C(=O)N[C@@H](C(=O)N[C@H]1CN(c2ccc(F)cc2)C1=O)c1ccc(OCc2ccccc2)cc1,2500.0,intermediate
CHEMBL4561419,N=C(N)NCCC[C@H](NC(=O)c1ccccc1)C(=O)N[C@@H](CCCCN)C(=O)N[C@@H](C(=O)N[C@@H]1CN(c2cccc(F)c2)C1=O)c1ccc(OCc2ccccc2)cc1,12400.0,inactive
CHEMBL4537775,N=C(N)NCCC[C@H](NC(=O)c1ccccc1)C(=O)N[C@@H](CCCCN)C(=O)N[C@@H](C(=O)N[C@H]1CN(c2cccc(F)c2)C1=O)c1ccc(OCc2ccccc2)cc1,1900.0,intermediate
CHEMBL3740277,N=C(N)NCCC[C@H](NC(=O)c1ccccc1)C(=O)N[C@@H](CCCCN)C(=O)N[C@@H](C(N)=O)c1ccccc1,3800.0,intermediate
CHEMBL4563546,CN(C(=O)c1ccccc1)[C@@H](CCCNC(=N)N)C(=O)N[C@@H](CCCCN)C(=O)N[C@@H](C(N)=O)c1ccccc1,3600.0,intermediate
CHEMBL4519077,N=C(N)NCCC[C@H](NC(=O)C(=O)c1ccccc1)C(=O)N[C@@H](CCCCN)C(=O)N[C@@H](C(N)=O)c1ccccc1,4100.0,intermediate
CHEMBL3335494,N=C(N)NCCC[C@H](NC(=O)c1ccccc1)C(=O)N[C@@H](CCCCN)C(=O)N[C@H](C(N)=O)c1ccccc1,3300.0,intermediate
CHEMBL4464884,CC(NC(=O)[C@H](CCCCN)NC(=O)[C@H](CCCNC(=N)N)NC(=O)c1ccccc1)(C(N)=O)c1ccccc1,1300.0,intermediate
CHEMBL4469272,C[C@](NC(=O)[C@H](CCCCN)NC(=O)[C@H](CCCNC(=N)N)NC(=O)c1ccccc1)(C(N)=O)c1ccccc1,600.0,active
CHEMBL4519543,C[C@@](NC(=O)[C@H](CCCCN)NC(=O)[C@H](CCCNC(=N)N)NC(=O)c1ccccc1)(C(N)=O)c1ccccc1,9500.0,intermediate
CHEMBL4474101,CN(C(=O)c1ccccc1)[C@@H](CCCNC(=N)N)C(=O)N[C@@H](CCCCN)C(=O)N[C@@](C)(C(N)=O)c1ccccc1,3000.0,intermediate
CHEMBL3741422,N=C(N)NCCC[C@H](NC(=O)c1ccccc1)C(=O)N[C@@H](CCCCN)C(=O)N[C@@H](C(N)=O)c1ccc(OCc2ccccc2)cc1,400.0,active
CHEMBL4545026,CN(C(=O)c1ccccc1)[C@@H](CCCNC(=N)N)C(=O)N[C@@H](CCCCN)C(=O)N[C@@H](C(N)=O)c1ccc(OCc2ccccc2)cc1,1600.0,intermediate
CHEMBL4533598,O=C(Nc1cccs1)c1ccccc1Sc1ccc([N+](=O)[O-])cc1,98000.0,inactive
CHEMBL4522006,O=C(Nc1nc2cc(O)c(O)cc2s1)c1ccccc1Sc1ccc(C(F)(F)F)cc1,3600.0,intermediate
CHEMBL4441561,N#C/C(=C\c1ccc(-c2ccc(C(=O)O)cc2)s1)c1nc2cc(Cl)ccc2[nH]1,5950.0,intermediate
CHEMBL4450411,O=C(O)c1cc2sc(NC(=O)c3ccccc3Sc3ccc(C(F)(F)F)cc3)nc2cc1O,66000.0,inactive
CHEMBL4533598,O=C(Nc1cccs1)c1ccccc1Sc1ccc([N+](=O)[O-])cc1,31800.0,inactive
CHEMBL4522006,O=C(Nc1nc2cc(O)c(O)cc2s1)c1ccccc1Sc1ccc(C(F)(F)F)cc1,9100.0,intermediate
CHEMBL4441561,N#C/C(=C\c1ccc(-c2ccc(C(=O)O)cc2)s1)c1nc2cc(Cl)ccc2[nH]1,5950.0,intermediate
CHEMBL4450411,O=C(O)c1cc2sc(NC(=O)c3ccccc3Sc3ccc(C(F)(F)F)cc3)nc2cc1O,12300.0,inactive
CHEMBL4457482,CCCCCCCCCCCCCCCC[N+](CC)(CO)CO.[Br-],22630.0,inactive
CHEMBL4457482,CCCCCCCCCCCCCCCC[N+](CC)(CO)CO.[Br-],22630.0,inactive
CHEMBL4457482,CCCCCCCCCCCCCCCC[N+](CC)(CO)CO.[Br-],22630.0,inactive
CHEMBL4457482,CCCCCCCCCCCCCCCC[N+](CC)(CO)CO.[Br-],22630.0,inactive
CHEMBL1458891,Cc1ccc(C2=NC(=O)/C(=C/c3cc(O)c(O)c(Br)c3)S2)cc1,2940.0,intermediate
CHEMBL1324,Cc1ccc(C(=O)c2cc(O)c(O)c([N+](=O)[O-])c2)cc1,640.0,active
CHEMBL4550503,CCc1ccc(NS(=O)(=O)c2ccc(N3C(=O)c4ccccc4C3=O)cc2)cc1,48200.0,inactive
CHEMBL4584771,O=C1c2ccccc2C(=O)N1c1ccc(S(=O)(=O)Nc2cccc3ccccc23)cc1,121900.0,inactive
CHEMBL4441383,COC(=O)c1[nH]c2ccc(Cl)cc2c1C(=O)c1cc(OC)c(O)c(OC)c1,6700.0,intermediate
CHEMBL4441383,COC(=O)c1[nH]c2ccc(Cl)cc2c1C(=O)c1cc(OC)c(O)c(OC)c1,4700.0,intermediate
CHEMBL4441383,COC(=O)c1[nH]c2ccc(Cl)cc2c1C(=O)c1cc(OC)c(O)c(OC)c1,6700.0,intermediate
CHEMBL4441383,COC(=O)c1[nH]c2ccc(Cl)cc2c1C(=O)c1cc(OC)c(O)c(OC)c1,4700.0,intermediate
CHEMBL4447800,Cc1ccc2nc(-c3ccc4nc(-c5ccc(NC(=O)c6ccc7nc(-c8ccc(N)cc8)sc7c6)cc5)sc4c3)sc2c1S(=O)(=O)O.N,1500.0,intermediate
CHEMBL4447800,Cc1ccc2nc(-c3ccc4nc(-c5ccc(NC(=O)c6ccc7nc(-c8ccc(N)cc8)sc7c6)cc5)sc4c3)sc2c1S(=O)(=O)O.N,500.0,active
CHEMBL4457482,CCCCCCCCCCCCCCCC[N+](CC)(CO)CO.[Br-],22600.0,inactive
CHEMBL4436496,Nc1cc(N)c(/N=N/c2ccc(S(=O)(=O)Nc3nccs3)cc2)cc1/N=N/c1ccc(S(=O)(=O)Nc2nccs2)cc1,2750.0,intermediate
CHEMBL4441561,N#C/C(=C\c1ccc(-c2ccc(C(=O)O)cc2)s1)c1nc2cc(Cl)ccc2[nH]1,5950.0,intermediate
CHEMBL4440832,O=C(Nc1nc2cc(O)c(O)cc2s1)c1ccccc1Oc1ccc2cc(O)ccc2c1,4200.0,intermediate
CHEMBL4440832,O=C(Nc1nc2cc(O)c(O)cc2s1)c1ccccc1Oc1ccc2cc(O)ccc2c1,990.0,active
CHEMBL4440832,O=C(Nc1nc2cc(O)c(O)cc2s1)c1ccccc1Oc1ccc2cc(O)ccc2c1,3200.0,intermediate
CHEMBL3741422,N=C(N)NCCC[C@H](NC(=O)c1ccccc1)C(=O)N[C@@H](CCCCN)C(=O)N[C@@H](C(N)=O)c1ccc(OCc2ccccc2)cc1,680.0,active
CHEMBL4640386,CCCCCC(=O)N[C@H](C(=O)NCc1ccc(CN)cc1)c1ccc(OCc2ccccc2)cc1.O=C(O)C(F)(F)F,4900.0,intermediate
CHEMBL4638202,CCCCCC(=O)N[C@H](C(=O)NCc1cccc(CN)c1)c1ccc(OCc2ccccc2)cc1,30000.0,inactive
CHEMBL4649655,CCCCCC(=O)N[C@H](C(=O)NCc1ccc(NC(=N)N)cc1)c1ccc(OCc2ccccc2)cc1.O=C(O)C(F)(F)F,11000.0,inactive
CHEMBL4633636,CCCCCC(=O)N[C@H](C(=O)NCc1ccc(NC(=N)N)nc1)c1ccc(OCc2ccccc2)cc1.O=C(O)C(F)(F)F,19000.0,inactive
CHEMBL4802111,CCCCCC(=O)N[C@H](C(=O)NCc1ccc(CNC(=N)N)cc1)c1ccc(OCc2ccccc2)cc1.O=C(O)C(F)(F)F,14000.0,inactive
CHEMBL3335490,N=C(N)NCCC[C@H](NC(=O)c1ccccc1)C(=O)N[C@@H](CCCCN)C(=O)NCC(N)=O,23000.0,inactive
CHEMBL4641816,CCCCCC(=O)N[C@H](C(=O)NCc1ccc(NC(=N)N)cc1)c1ccc(OCc2ccc(C(F)(F)F)cc2)cc1.O=C(O)C(F)(F)F,7400.0,intermediate
CHEMBL4645091,CCCCCC(=O)N[C@@H](C(=O)NCc1ccc(NC(=N)N)cc1)c1ccc(OCc2ccc(C(F)(F)F)cc2)cc1.O=C(O)C(F)(F)F,6600.0,intermediate
CHEMBL4635643,CCCCCC(=O)N[C@H](C(=O)NCc1ccc(NC(=N)N)cc1)c1ccc(OCc2ccc(C#N)cc2)cc1.O=C(O)C(F)(F)F,40000.0,inactive
CHEMBL4649859,CCCCCC(=O)N[C@H](C(=O)NCc1ccc(NC(=N)N)cc1)c1ccc(OCc2c(Cl)cccc2Cl)cc1.O=C(O)C(F)(F)F,2900.0,intermediate
CHEMBL4638743,CCCCCC(=O)N[C@@H](C(=O)NCc1ccc(NC(=N)N)cc1)c1ccc(OCc2ccc(Cl)c(Cl)c2)cc1.O=C(O)C(F)(F)F,5700.0,intermediate
CHEMBL4638581,CCCCCC(=O)N[C@H](C(=O)NCc1ccc(NC(=N)N)cc1)c1ccc(OCc2ccc(C(C)(C)C)cc2)cc1.O=C(O)C(F)(F)F,13000.0,inactive
CHEMBL4632524,CCCCCCC(=O)N[C@H](C(=O)NCc1ccc(NC(=N)N)cc1)c1ccc(OCc2ccccc2)cc1.O=C(O)C(F)(F)F,6800.0,intermediate
CHEMBL4641383,CCCCCCCC(=O)N[C@H](C(=O)NCc1ccc(NC(=N)N)cc1)c1ccc(OCc2ccccc2)cc1.O=C(O)C(F)(F)F,4800.0,intermediate
CHEMBL4649657,CCCCCCCCCC(=O)N[C@H](C(=O)NCc1ccc(NC(=N)N)cc1)c1ccc(OCc2ccccc2)cc1.O=C(O)C(F)(F)F,2300.0,intermediate
CHEMBL4638781,N=C(N)Nc1ccc(CNC(=O)[C@@H](NC(=O)CC2CCCCC2)c2ccc(OCc3ccccc3)cc2)cc1.O=C(O)C(F)(F)F,9000.0,intermediate
CHEMBL4646053,N=C(N)Nc1ccc(CNC(=O)[C@@H](NC(=O)c2ccc(OC3CCCCC3)cc2)c2ccc(OCc3ccccc3)cc2)cc1.O=C(O)C(F)(F)F,5900.0,intermediate
CHEMBL4634331,N=C(N)Nc1ccc(CNC(=O)[C@@H](NC(=O)c2ccc(Oc3ccccc3)cc2)c2ccc(OCc3ccccc3)cc2)cc1.O=C(O)C(F)(F)F,4000.0,intermediate
CHEMBL4643221,N=C(N)Nc1ccc(CNC(=O)[C@@H](NC(=O)c2cccc(Oc3ccccc3)c2)c2ccc(OCc3ccccc3)cc2)cc1.O=C(O)C(F)(F)F,4900.0,intermediate
CHEMBL4646812,N=C(N)Nc1ccc(CNC(=O)[C@@H](NC(=O)c2ccc(OCc3ccccc3)cc2)c2ccc(OCc3ccccc3)cc2)cc1.O=C(O)C(F)(F)F,4400.0,intermediate
CHEMBL4634176,N=C(N)Nc1ccc(CNC(=O)[C@@H](NC(=O)c2ccc(OCc3ccc(Cl)cc3)cc2)c2ccc(OCc3ccccc3)cc2)cc1.O=C(O)C(F)(F)F,2200.0,intermediate
CHEMBL4639241,COc1cccc(COc2ccc(C(=O)N[C@H](C(=O)NCc3ccc(NC(=N)N)cc3)c3ccc(OCc4ccccc4)cc3)cc2)c1.O=C(O)C(F)(F)F,4700.0,intermediate
CHEMBL4633204,N=C(N)Nc1ccc(CNC(=O)[C@@H](NC(=O)c2ccc(-c3ccccc3)cc2)c2ccc(OCc3ccccc3)cc2)cc1.O=C(O)C(F)(F)F,1800.0,intermediate
CHEMBL4638299,N=C(N)Nc1ccc(CNC(=O)[C@@H](NC(=O)c2ccc(-c3ccc(Cl)cc3)cc2)c2ccc(OCc3ccccc3)cc2)cc1.O=C(O)C(F)(F)F,2000.0,intermediate
CHEMBL4642710,N=C(N)Nc1ccc(CNC(=O)[C@@H](NC(=O)c2ccccc2-c2ccccc2)c2ccc(OCc3ccccc3)cc2)cc1.O=C(O)C(F)(F)F,24000.0,inactive
CHEMBL4640021,N=C(N)Nc1ccc(CNC(=O)[C@@H](NC(=O)Cc2ccc(-c3ccccc3)cc2)c2ccc(OCc3ccccc3)cc2)cc1.O=C(O)C(F)(F)F,1300.0,intermediate
CHEMBL4642885,CCCCCC(=O)N[C@@H](C(=O)NCc1ccc(CN)cc1)c1ccc(OCc2ccc(Cl)c(Cl)c2)cc1.O=C(O)C(F)(F)F,3100.0,intermediate
CHEMBL4636584,N=C(N)NCc1ccc(CNC(=O)[C@H](NC(=O)c2ccc(Oc3ccccc3)cc2)c2ccc(OCc3ccc(Cl)c(Cl)c3)cc2)cc1.O=C(O)C(F)(F)F,2500.0,intermediate
CHEMBL4633312,N=C(N)Nc1ccc(CNC(=O)[C@@H](NC(=O)Cc2ccc(-c3ccccc3)cc2)c2ccc(OCc3c(Cl)cccc3Cl)cc2)cc1.O=C(O)C(F)(F)F,540.0,active
CHEMBL4643526,N=C(N)Nc1ccc(CNC(=O)[C@@H](NC(=O)c2ccc(-c3cccs3)s2)c2ccc(OCc3ccccc3)cc2)cc1.O=C(O)C(F)(F)F,6300.0,intermediate
